ems_no,county,company_name,address,process_id,process_name,category,expiry_date
F1300085,新北市,奇鈺精密鑄造股份有限公司,新北市土城區沛陂里中山路一九號,M01,鋼鑄造程序,操作,115/11/18
F1300085,新北市,奇鈺精密鑄造股份有限公司,新北市土城區沛陂里中山路一九號,M02,金屬噴磨（噴砂）處理程序,操作,115/11/18
F1300165,新北市,凌宇化工股份有限公司,新北市土城區沛陂里大同街一九號,M02,化粧品製造程序,操作,116/11/08
F1300209,新北市,上豐實業有限公司,新北市土城區大暖路一一二號,M01,其他合成樹脂或塑膠製造程序,操作,117/03/29
F1300218,新北市,巨豐企業股份有限公司,新北市土城區頂埔里大暖路七三號,M01,其他電線及電纜（含光纖電纜）製造程序,操作,119/12/25
F1300405,新北市,新美光股份有限公司,新北市土城區沛陂里中山路五六號,M01,印刷油墨化學原料製造程序,操作,115/05/08
F1300718,新北市,昇龍工業股份有限公司一廠,新北市土城區沛陂里民族街三號,M01,接著劑化學製造程序,操作,115/07/18
F1300898,新北市,喜可工業股份有限公司,新北市土城區沛陂里自強街二五、二五之一號五樓,M01,鍋爐蒸氣產生程序,操作,116/11/03
F1300996,新北市,東泰保麗龍有限公司,新北市土城區忠義路七二號,M02,鍋爐蒸氣產生程序,操作,116/03/04
F1301019,新北市,鴻運瀝青化學股份有限公司,新北市土城區承天路一四號,M01,瀝青混凝土製造程序,操作,119/05/03
F1301117,新北市,菲力工業股份有限公司第二工廠,新北市土城區沛陂里復興街二○、二二、二四號,M01,自行車表面塗裝程序,操作,119/08/26
F1302196,新北市,長豐紡織科技股份有限公司,新北市土城區沛陂里德安街二號及二之一號,M01,印染整理程序,操作,118/10/02
F1302196,新北市,長豐紡織科技股份有限公司,新北市土城區沛陂里德安街二號及二之一號,M02,鍋爐蒸氣產生程序,操作,115/10/15
F1302212,新北市,興邦印染廠股份有限公司,新北市土城區沛陂里福安街一一四號,M01,鍋爐蒸氣產生程序,操作,119/06/08
F1302212,新北市,興邦印染廠股份有限公司,新北市土城區沛陂里福安街一一四號,M02,印染整理程序,操作,115/03/01
F1302258,新北市,廣銘企業股份有限公司,新北市土城區沛陂里中山路三○號、三二號,M01,印染整理程序,操作,118/09/30
F1302258,新北市,廣銘企業股份有限公司,新北市土城區沛陂里中山路三○號、三二號,M02,鍋爐蒸氣產生程序,操作,119/11/03
F1302310,新北市,信綺絲織廠股份有限公司,新北市土城區頂埔里大暖路六五、六七、六九號,M01,印染整理程序,操作,116/04/09
F1302310,新北市,信綺絲織廠股份有限公司,新北市土城區頂埔里大暖路六五、六七、六九號,M03,熱媒加熱程序,操作,115/03/08
F1302310,新北市,信綺絲織廠股份有限公司,新北市土城區頂埔里大暖路六五、六七、六九號,M04,鍋爐蒸氣產生程序,操作,115/03/09
F1302418,新北市,欣成紙器股份有限公司,新北市土城區沛陂里中山路六一號,M01,鍋爐蒸氣產生程序,操作,119/01/13
F1302427,新北市,祥琪紙器股份有限公司土城廠,新北市土城區大安里承天路二七號,M01,鍋爐蒸氣產生程序,操作,119/06/14
F1302436,新北市,七星化學製藥股份有限公司,新北市土城區沛陂里福安街七五號,M01,鍋爐蒸氣產生程序,操作,118/08/10
F1302436,新北市,七星化學製藥股份有限公司,新北市土城區沛陂里福安街七五號,M02,其他生物藥品製造程序,操作,116/02/20
F1302552,新北市,福鎂工業股份有限公司,新北市土城區大安里亞洲路一一巷三弄二六號,M01,其他金屬表面處理程序,操作,115/08/14
F1302678,新北市,堅順股份有限公司,新北市土城區日新街四七之三號,M01,印刷電路板製造程序,操作,119/06/29
F1302865,新北市,燿華電子股份有限公司,新北市土城區沛陂里中山路六二號,M01,印刷電路板製造程序,操作,117/09/08
F1302963,新北市,立大化成工業股份有限公司,新北市土城區沛陂里民生街一五號,M02,原料藥製造程序,操作,115/05/24
F1303175,新北市,亞東預拌混凝土股份有限公司土城廠,新北市土城區大安里中華路二段二○八號,M01,混凝土拌合程序,操作,118/03/04
F1303175,新北市,亞東預拌混凝土股份有限公司土城廠,新北市土城區大安里中華路二段二○八號,M02,堆置場作業程序,操作,119/04/22
F1303193,新北市,集琳實業有限公司,新北市土城區日和里中央路一段三六五巷三二號,M01,印刷電路板製造程序,操作,116/11/08
F1303380,新北市,淂剴工業有限公司,新北市土城區埤塘里忠承路一一號,M01,其他金屬加工處理程序,操作,116/12/26
F1303540,新北市,清松塗料有限公司,新北市土城區員林里中央路一段三六五巷一八弄八號,M01,塗料製造程序,操作,119/10/31
F1303568,新北市,國泰塗料油墨股份有限公司,新北市土城區廷寮里永豐路一九五巷二四號,M01,塗料製造程序,操作,118/12/21
F1304109,新北市,益誠實業股份有限公司,新北市土城區頂埔里大暖路一一六號,M01,其他合成樹脂或塑膠製造程序,操作,115/12/28
F1304136,新北市,麗德精密工業股份有限公司自強二廠,新北市土城區沛陂里自強街二五號四樓、二五之一號四樓,M01,金屬電鍍處理程序,操作,119/05/03
F1304529,新北市,永豐紙業股份有限公司,新北市土城區日和里中央路一段三四一號一樓及三六五巷七號四、五、六樓,M01,平版印刷作業程序,操作,116/02/18
F1304556,新北市,力群電子股份有限公司,新北市土城區沛陂里福安街一二○號,M01,印刷電路板製造程序,操作,118/06/02
F1304789,新北市,燿華電子股份有限公司土城二廠,新北市土城區中山路四巷三號,M01,印刷電路板製造程序,操作,118/09/16
F1305017,新北市,國產建材實業股份有限公司土城廠,新北市土城區大安里中華路二段二○二號,M01,混凝土拌合程序,操作,116/03/23
F1305053,新北市,沈氏藝術印刷股份有限公司土城廠,新北市土城區日和里中央路一段三六五巷七號三樓,M01,平版印刷作業程序,操作,119/07/20
F1305339,新北市,沈氏藝術印刷股份有限公司二廠,新北市土城區日和里中央路一段三六五巷七號地下二層,M01,平版印刷作業程序,操作,115/05/21
F1305400,新北市,優美實業股份有限公司,新北市土城區頂埔里大暖路五一、五一之一號,M01,膠帶業製造,操作,116/10/21
F1306523,新北市,佐全興業股份有限公司,新北市土城區復興街九及九之一號,M01,塑膠品塗裝程序,操作,119/02/17
F1308321,新北市,上海印刷廠股份有限公司,新北市土城區大暖路七一號,M01,平版印刷作業程序,操作,117/02/29
F1309846,新北市,統一超食代股份有限公司台北廠,新北市土城區中興路一六號,M01,其他食品製造程序,操作,118/05/18
F1310143,新北市,弘榮工業股份有限公司,新北市土城區中華路一段一二○號,M01,ＰＵ皮製造程序,操作,115/03/15
F1310616,新北市,明輝化工實業有限公司,新北市土城區員仁里大安路一三八巷三二號,M01,有機溶劑作業程序,操作,118/06/19
F1312281,新北市,立可白實業有限公司土城廠,新北市土城區沛陂里中山路四巷二號,M02,織物乾洗作業程序,操作,119/01/28
F1390034,新北市,大興電線電纜股份有限公司,新北市土城區大安里承天路一七、二三號,M01,其他電線及電纜（含光纖電纜）製造程序,操作,117/06/30
F13A2421,新北市,正誠工業有限公司,新北市土城區永寧里員仁段八四三、八四四、八四五、八四六、八四七地號(公司通信處:新北市土城區大安路一○一之五號),M01,混凝土拌合程序,操作,115/08/23
F13A2441,新北市,瑋格國際有限公司,新北市土城區員仁里亞洲路一二巷七號,M01,油墨製造程序,操作,117/06/14
F13A2500,新北市,甫舜企業有限公司,新北市土城區廷寮里永豐路二七○巷二三號一樓,M01,印刷電路板製造程序,操作,116/03/19
F13A3489,新北市,唐威科技股份有限公司,新北市土城區沛陂里大同街一五號一樓,M01,印刷電路板製造程序,操作,118/12/21
F13A3815,新北市,統一多拿滋股份有限公司土城廠,新北市土城區沛陂里中興路二○號一、二、三樓,M01,其他食品製造程序,操作,119/10/02
F13A4190,新北市,合興預拌混凝土股份有限公司土城廠,新北市土城區員福里中華路一段一六二號,M01,混凝土拌合程序,操作,117/12/05
F13A4437,新北市,岳昇有限公司土城廠,新北市土城區民權街一一號四樓(含五樓),M01,金屬電鍍處理程序,操作,119/01/23
F13A4902,新北市,三龍產業股份有限公司,新北市土城區中山路五九號一、二、四樓、中山路五九號三樓(部分),M01,塑膠品塗裝程序,操作,114/12/20
F13A5871,新北市,昌展工業有限公司,新北市土城區沛陂里中山路五二之二號一樓,M02,印染整理程序,操作,115/05/24
F13A6532,新北市,庭凱工業股份有限公司二廠,新北市土城區大安里承天路四巷二之六號一、二樓,M01,金屬表面塗裝程序,操作,118/08/18
F13A6532,新北市,庭凱工業股份有限公司二廠,新北市土城區大安里承天路四巷二之六號一、二樓,M02,塗料製造程序,操作,116/09/15
F13A6780,新北市,龍伸科技有限公司,新北市土城區沛陂里復興街一四號,M01,印刷電路板製造程序,操作,115/09/05
F13A7817,新北市,芳琦企業股份有限公司,新北市土城區頂埔里大暖路八三號及八三號二樓,M01,ＰＵ皮製造程序,操作,117/03/26
F13B0650,新北市,歐立食品股份有限公司土城廠,新北市土城區沛陂里一五鄰中山路二一號及二、三、四樓,M01,其他食品製造程序,操作,115/03/30
F13B0690,新北市,薪味香食品股份有限公司,新北市土城區廷寮里永豐路一九五巷三五號,M01,其他食品製造程序,操作,119/01/07
F13B0759,新北市,味冠食品有限公司,新北市土城區廷寮里永豐路一九五巷七弄三號,M01,其他食品製造程序,操作,118/12/22
F13B1311,新北市,崇裕科技股份有限公司土城二廠,新北市土城區廷寮里永豐路二○三之一號三樓、四樓,M01,其他顏料製造程序,操作,115/05/17
F13B1925,新北市,德隆國際事業有限公司土城廠,新北市土城區大安里承天路七一巷二號(B、C棟),M01,其他食品製造程序,操作,119/09/05
F13B2111,新北市,元利塑膠有限公司,新北市土城區沛坡里自強街四號,M01,押出成型程序,操作,117/07/04
F13B3268,新北市,海睿企業有限公司,新北市土城區沛陂里勝利街一○巷八號三樓,M01,油漆化學製造程序,操作,116/12/27
F13B3763,新北市,嘉祥發企業有限公司土城廠,新北市土城區廷寮里永豐路一九五巷二七弄一三、一五號,M01,凹版印刷作業程序,操作,116/07/26
F13B3852,新北市,欣霆企業有限公司,新北市土城區沛陂里勝利街一○巷六號一樓,M01,油漆化學製造程序,操作,117/03/09
F13B3941,新北市,允順塑膠有限公司,新北市土城區永寧里永平街七號一、二樓,M01,凹版印刷作業程序,操作,117/03/14
F13B4197,新北市,豐展塑膠有限公司,新北市土城區永寧里永平街三二號一樓,M01,凹版印刷作業程序,操作,117/02/14
F13B4919,新北市,立大化成工業股份有限公司民生二廠,新北市土城區民生街五號、五之一號,M01,原料藥製造程序,設置,118/06/24
F13B5076,新北市,巨靈霸科技股份有限公司,新北市土城區廷寮里永豐路二○三之一號一樓,M01,塗料製造程序,操作,118/04/14
F13B5204,新北市,晉紳潛泳器材有限公司,新北市土城區大安里承天路四巷二之一七號,M01,其他橡膠製品製造程序,操作,117/04/27
F13B6856,新北市,漢來塑膠包裝有限公司中山廠,新北市土城區沛陂里中山路三八號一樓,M01,凹版印刷作業程序,設置,119/01/02
F0700385,新北市,華泰電線電纜有限公司,新北市樹林區武林街一四之三號,M01,押出成型程序,操作,115/08/16
F0700447,新北市,唯新工業股份有限公司,新北市樹林區金寮里武林街二之一號一樓,M01,其他橡膠製品製造程序,操作,118/08/05
F0700509,新北市,介明塑膠股份有限公司,新北市樹林區三龍街七號,M01,塑膠皮、板、管材製造程序,操作,115/05/10
F0700536,新北市,一天企業有限公司,新北市樹林區圳安里俊英街六三巷一○號,M01,油漆化學製造程序,操作,118/01/01
F0700670,新北市,正竹金屬工業股份有限公司,新北市樹林區圳生里俊興街二九六號,M01,鋼鑄造程序,操作,119/08/30
F0701293,新北市,南亞塑膠工業股份有限公司台染廠,新北市樹林區東山里味王街五七號(含味王街五五號),M01,熱媒加熱程序,操作,115/05/01
F0701293,新北市,南亞塑膠工業股份有限公司台染廠,新北市樹林區東山里味王街五七號(含味王街五五號),M02,印染整理程序,操作,117/11/10
F0701613,新北市,中化合成生技股份有限公司山佳工廠,新北市樹林區東山里東興街一號,M02,原料藥製造程序,操作,115/07/27
F0701613,新北市,中化合成生技股份有限公司山佳工廠,新北市樹林區東山里東興街一號,M03,鍋爐蒸氣產生程序,操作,116/02/13
F0701640,新北市,電光企業股份有限公司,新北市樹林區東山里中山路二段一三一號,M02,陶瓷製品濕式成型製造程序,操作,119/10/11
F0701702,新北市,南亞塑膠工業股份有限公司樹林廠,新北市樹林區東山里味王街五五號,M07,聚脲(PU)樹脂化學製造程序,操作,118/06/08
F0701702,新北市,南亞塑膠工業股份有限公司樹林廠,新北市樹林區東山里味王街五五號,M08,熱媒加熱程序,操作,118/10/02
F0701702,新北市,南亞塑膠工業股份有限公司樹林廠,新北市樹林區東山里味王街五五號,M09,環氧樹脂製造程序,操作,119/06/29
F0701702,新北市,南亞塑膠工業股份有限公司樹林廠,新北市樹林區東山里味王街五五號,M11,環氧樹脂製造程序,操作,118/03/31
F0701702,新北市,南亞塑膠工業股份有限公司樹林廠,新北市樹林區東山里味王街五五號,M15,醫療器材及用品製造程序,操作,118/11/05
F0701702,新北市,南亞塑膠工業股份有限公司樹林廠,新北市樹林區東山里味王街五五號,M21,其他電子零組件製造程序,操作,116/05/19
F0701702,新北市,南亞塑膠工業股份有限公司樹林廠,新北市樹林區東山里味王街五五號,M25,離型膜製造程序,操作,115/03/29
F0701702,新北市,南亞塑膠工業股份有限公司樹林廠,新北市樹林區東山里味王街五五號,M26,其他合成樹脂或塑膠製造程序,操作,116/12/12
F0701702,新北市,南亞塑膠工業股份有限公司樹林廠,新北市樹林區東山里味王街五五號,M27,再生及合成纖維紡織品製造程序,操作,118/09/24
F0701702,新北市,南亞塑膠工業股份有限公司樹林廠,新北市樹林區東山里味王街五五號,M31,印刷油墨化學原料製造程序,操作,116/12/12
F0701846,新北市,輝泰工業股份有限公司,新北市樹林區三多里三俊街七四巷三五號,M01,金屬電鍍處理程序,操作,117/05/14
F0701926,新北市,優技電子股份有限公司,新北市樹林區東順街七一號,M01,印刷電路板製造程序,操作,115/08/15
F0701935,新北市,永晉電瓷股份有限公司,新北市樹林區潭底里豐林街四○號,M01,陶瓷製品濕式成型製造程序,操作,118/12/25
F0701962,新北市,旭智股份有限公司,新北市樹林區山佳里八德街四九二巷七號,M01,印刷電路板製造程序,操作,115/08/08
F0702165,新北市,建鴻工業有限公司樹林廠,新北市樹林區武林街五之二號,M01,金屬表面清洗程序,操作,116/02/27
F0702370,新北市,群益鋁業股份有限公司,新北市樹林區三興里工興街二八號,M01,其他金屬品處理加工程序,操作,119/08/08
F0702414,新北市,晃成企業股份有限公司,新北市樹林區三龍里三龍街四五巷八號,M01,金屬電鍍處理程序,操作,119/11/01
F0702478,新北市,君昇實業股份有限公司,新北市樹林區俊興街二一○巷六、一二號,M01,印刷電路板製造程序,操作,118/04/08
F0702549,新北市,國力混凝土工業股份有限公司,新北市樹林區北園里西圳街一段一一六巷一四號,M01,水泥製品製造程序,操作,116/12/18
F0702567,新北市,新北市肉品市場,新北市樹林區俊安街四三號,M01,屠宰作業程序,操作,119/03/28
F0702870,新北市,祐鋅實業有限公司,新北市樹林區俊英街一一六巷二九弄四、六、八號,M01,其他金屬品處理加工程序,操作,119/08/30
F0702969,新北市,崇友企業有限公司,新北市樹林區三龍里三俊街六五巷一八弄三號,M01,金屬電鍍處理程序,操作,115/08/07
F0703251,新北市,先進工業股份有限公司,新北市樹林區圳生里三俊街二五二巷一三號,M02,印刷電路板製造程序,操作,118/04/15
F0703859,新北市,尚德有限公司,新北市樹林區金寮里光武街三○巷一一號,M01,金屬電鍍處理程序,操作,119/03/25
F0703948,新北市,樹林垃圾焚化廠,新北市樹林區樂山里中山路三段二一二號,M01,廢棄物焚化處理程序,操作,116/07/12
F0704025,新北市,維毅實業有限公司,新北市樹林區圳生里俊興街二二四巷一四號,M01,金屬電鍍處理程序,操作,117/12/17
F0704052,新北市,鉅翔金屬科技工業股份有限公司,新北市樹林區圳安里俊英街二五四號,M01,其他金屬熱處理程序,操作,118/01/01
F0704212,新北市,成功瀝青工業股份有限公司第二廠,新北市樹林區北園里西圳街二段六○號,M01,瀝青混凝土製造程序,操作,119/09/21
F0704212,新北市,成功瀝青工業股份有限公司第二廠,新北市樹林區北園里西圳街二段六○號,M02,堆置場作業程序,操作,119/08/17
F0704347,新北市,天強企業股份有限公司,新北市樹林區三龍里三龍街二四巷二號,M01,印刷電路板製造程序,操作,117/03/12
F0704525,新北市,龍懋電子股份有限公司樹林廠,新北市樹林區三多里三龍街二○號,M01,印刷電路板製造程序,操作,119/02/05
F0704687,新北市,永麗企業社,新北市樹林區圳民里中正路二二○巷一五號,M01,金屬表面清洗程序,操作,118/10/17
F0704776,新北市,協灃企業股份有限公司,新北市樹林區金寮里武林街一○之三號,M01,印染整理程序,操作,119/10/20
F0704874,新北市,百為實業有限公司,新北市樹林區三龍里三俊街八一巷四二號,M01,印刷電路板製造程序,操作,114/12/31
F0705040,新北市,訢合企業股份有限公司,新北市樹林區柑園里佳園路三段三三號,M01,鍋爐蒸氣產生程序,操作,116/01/27
F0705040,新北市,訢合企業股份有限公司,新北市樹林區柑園里佳園路三段三三號,M03,印染整理程序,操作,116/04/25
F0705246,新北市,亞利預鑄工業股份有限公司樹林預鑄廠,新北市樹林區北園里佳園路二段三之一號,M01,水泥製品製造程序,操作,119/06/27
F0705246,新北市,亞利預鑄工業股份有限公司樹林預鑄廠,新北市樹林區北園里佳園路二段三之一號,M02,鍋爐蒸氣產生程序,操作,115/03/14
F0705639,新北市,連強紡織有限公司,新北市樹林區三龍里三龍街三八號,M01,印染整理程序,操作,116/03/19
F0705639,新北市,連強紡織有限公司,新北市樹林區三龍里三龍街三八號,M02,鍋爐蒸氣產生程序,操作,118/11/27
F0706001,新北市,金協昌科技股份有限公司,新北市樹林區坡內里備內街五二之一號,M01,印刷電路板製造程序,操作,115/11/13
F0706074,新北市,柏凱實業股份有限公司,新北市樹林區金寮里樹潭街一○之五號及一○號,M01,鍋爐蒸氣產生程序,操作,115/10/25
F0706074,新北市,柏凱實業股份有限公司,新北市樹林區金寮里樹潭街一○之五號及一○號,M02,印染整理程序,操作,117/01/30
F0706172,新北市,加金企業股份有限公司,新北市樹林區東興街一六巷三○號,M01,其他橡膠製品製造程序,操作,115/05/21
F0706252,新北市,順昶塑膠股份有限公司樹林廠,新北市樹林區北園里西圳街一段一一一號,M01,塑膠膜袋製造程序,操作,116/09/13
F0706252,新北市,順昶塑膠股份有限公司樹林廠,新北市樹林區北園里西圳街一段一一一號,M02,凹版印刷作業程序,操作,119/09/01
F0707491,新北市,台盟電子股份有限公司,新北市樹林區三龍里三龍街一五五號,M01,印刷電路板製造程序,操作,115/11/09
F0708925,新北市,力基實業股份有限公司,新北市樹林區圳生里三俊街二五二巷三三號,M01,鋁鑄造製造程序,操作,116/12/20
F0709226,新北市,太甫實業有限公司,新北市樹林區金寮里樹潭街一○之六號,M01,其他合成樹脂或塑膠製造程序,操作,116/10/17
F0709280,新北市,弘和泡綿興業有限公司樹林廠,新北市樹林區光興里光興街九一號,M01,其他合成樹脂或塑膠製造程序,操作,118/09/15
F0709566,新北市,秦強達金屬工業有限公司,新北市樹林區圳生里三俊街一九九巷一○之一三號,M01,金屬表面清洗程序,操作,116/06/27
F0709637,新北市,興磊營建剩餘土石方資源處理場,新北市樹林區北園段三一、三二、三三、四○、四三、四五、四六、六二、六三、六四、六五、六八、七一、七二地號,M01,堆置場作業程序,操作,115/01/12
F0709977,新北市,晉利實業有限公司樹林廠,新北市樹林區潭底里大安路一四五巷八號一樓,M01,塗料製造程序,操作,117/02/14
F0710201,新北市,樹林聯安營建廢棄物資源再利用處理場,新北市樹林區圳生段一七八、一七九、一八○、一八一及二一五號,M01,堆置場作業程序,操作,116/12/10
F0712063,新北市,德資股份有限公司樹林廠,新北市樹林區獇寮里保安街二段四五巷二九號,M01,印刷油墨化學原料製造程序,操作,117/12/09
F0712376,新北市,大于企業股份有限公司,新北市樹林區獇寮里保安街二段三三九號之一,M01,其他電線及電纜（含光纖電纜）製造程序,操作,115/02/22
F0714996,新北市,銓鋁工業股份有限公司,新北市樹林區圳民里俊英街一一一巷一四號,M01,鋁鑄造製造程序,操作,116/09/25
F0718976,新北市,帝盟科技股份有限公司,新北市樹林區圳生里三俊街一九九巷二九、二九之一號,M01,印刷電路板製造程序,操作,117/09/30
F0720047,新北市,台灣華洪企業股份有限公司,新北市樹林區金寮里樹潭街一○之一○號一樓,M02,膠帶業製造,操作,117/04/22
F0720207,新北市,樹林彭福段彭厝小段營建剩餘土石方資源處理場,新北市樹林區彭福段彭厝小段一二九之五地號,M01,堆置場作業程序,操作,115/03/12
F0720243,新北市,群鋒工業有限公司樹林廠,新北市樹林區圳生里俊安街二四巷一○弄一一號,M01,金屬電鍍處理程序,操作,118/03/25
F0720369,新北市,泓洸企業有限公司,新北市樹林區圳生里三俊街二五二巷一○號,M01,金屬電鍍處理程序,操作,118/02/06
F0720609,新北市,呈錩工業有限公司樹林廠,新北市樹林區金寮里武林街一六之三號一樓、二樓,M01,金屬電鍍處理程序,操作,115/07/27
F0720805,新北市,北旭百企業有限公司三俊廠,新北市樹林區圳生里三俊街一九九巷二○弄一七號(一、二、三樓及夾層)及一七之一號(一、二、三樓),M01,印刷電路板製造程序,操作,119/09/27
F0721366,新北市,新日興股份有限公司樹林廠,新北市樹林區圳安里俊英街一九四號一至四樓,M01,其他金屬熱處理程序,操作,116/03/21
F0721482,新北市,笙富科技有限公司,新北市樹林區三多里俊興街二一一巷七弄四二號一樓,M01,印刷電路板製造程序,操作,119/07/01
F0721651,新北市,立行環保有限公司樹林廠,新北市樹林區圳安里俊英街一○四號,M01,事業廢棄物再利用或處理程序,操作,115/12/25
F0721660,新北市,嘉聯益科技股份有限公司樹林廠,新北市樹林區樹東里博愛街二四八號、二四八號四樓、二四八號六樓、二四八號八樓,M01,印刷電路板製造程序,操作,118/01/07
F0724223,新北市,長聯富企業有限公司樹林廠,新北市樹林區東豐段四七七、四七七之一、四七九及四八六地號等四筆土地,M01,堆置場作業程序,操作,116/04/30
F0724269,新北市,日益茂工業股份有限公司,新北市樹林區金寮里樹潭街一之二、一之三號,M01,金屬電鍍處理程序,操作,118/01/01
F0725257,新北市,遠嘉土石方資源堆置處理場,新北市樹林區中華段四五八地號、四六○之一地號、東山段六九一地號,M01,堆置場作業程序,操作,117/06/14
F0725444,新北市,新北市政府環境保護局樹林飛灰固化廠,新北市樹林區中山路三段二一四號,M01,廢棄物固化處理程序,操作,116/10/15
F0725668,新北市,大漢混凝土股份有限公司,新北市樹林區彭厝里八德街二二八號,M01,混凝土拌合程序,操作,119/08/04
F0795268,新北市,泰藝電子股份有限公司樹林廠,新北市樹林區金寮里樹潭街五號,M01,其他被動電子元件製造程序,操作,118/10/02
F07A0708,新北市,德勝家畜屠宰場,新北市樹林區柑園街一段一之一號,M01,屠宰作業程序,操作,119/08/19
F07A0986,新北市,偉貿股份有限公司二廠,新北市樹林區圳民里中正路二二二號,M01,印染整理程序,操作,117/05/13
F07A1172,新北市,魔術食品工業股份有限公司二廠,新北市樹林區金寮里武林街九之一號,M01,其他食品製造程序,操作,119/01/14
F07A1211,新北市,龍榕金屬有限公司,新北市樹林區金寮里樹潭街一之五號一樓,M01,其他基本金屬鑄造製造程序,操作,117/11/21
F07A1231,新北市,榮興橡膠工業有限公司樹林廠,新北市樹林區三龍里三龍街一一六號一樓,M01,其他橡膠製品製造程序,操作,119/03/23
F07A1261,新北市,美正紙器股份有限公司樹林廠,新北市樹林區金寮里樹潭街一二之一號,M01,平版印刷作業程序,操作,118/01/11
F07A1508,新北市,煌輝食品企業有限公司,新北市樹林區中正路二六四巷一號,M01,其他食品製造程序,操作,116/01/25
F07A2100,新北市,凱將電子有限公司,新北市樹林區三龍街二四巷一號一樓,M01,印刷電路板製造程序,操作,115/09/03
F07A2754,新北市,濟展塑膠工業有限公司,新北市樹林區東山里東順街五七巷一七號一、二樓,M01,押出成型程序,操作,117/05/28
F07A2764,新北市,濟展塑膠工業有限公司樹林二廠,新北市樹林區東順街五七巷一三號(一之二樓)、一五號(一之二樓),M01,押出成型程序,操作,117/05/28
F07A2972,新北市,香港商卡秀萬輝高新材料有限公司台灣分公司,新北市樹林區東山里東順街七○號一樓,M01,油漆化學製造程序,操作,117/06/10
F07A3178,新北市,橡技工業股份有限公司樹林二廠,新北市樹林區工興街一八之一、一八之二、一八之三號,M01,其他橡膠製品製造程序,操作,118/03/10
F07A3346,新北市,瑋鋒科技股份有限公司,新北市樹林區樹東里博愛街二四○號一至四樓,M01,工業用膠製造程序,操作,118/08/31
F07A3594,新北市,邦協發展企業有限公司,新北市樹林區東園里田尾街一九三巷二一之二號,M01,押出成型程序,操作,115/01/28
F07A3722,新北市,雙翼食品有限公司,新北市樹林區三福里忠愛街一號(一樓)及三號(一、二樓),M01,其他食品製造程序,操作,119/05/19
F07A4116,新北市,鴻騰電子股份有限公司,新北市樹林區三多里三俊街一五四號一樓,M01,其他金屬表面處理程序,操作,115/10/09
F07A4512,新北市,金奕科技有限公司,新北市樹林區鎮前街二六九巷二九弄一六號(一、二、三樓),M01,印刷電路板製造程序,操作,118/05/09
F07A5491,新北市,聯賓塑膠股份有限公司二廠,新北市樹林區金寮里樹潭街四號一至五樓,M01,塑膠膜袋製造程序,操作,117/04/26
F07A5491,新北市,聯賓塑膠股份有限公司二廠,新北市樹林區金寮里樹潭街四號一至五樓,M02,凹版印刷作業程序,操作,119/12/06
F07A6449,新北市,定慶企業股份有限公司,新北市樹林區金寮里武林街四號、四之一號、四之三號,M01,印染整理程序,操作,116/01/24
F07A6449,新北市,定慶企業股份有限公司,新北市樹林區金寮里武林街四號、四之一號、四之三號,M02,熱媒加熱程序,操作,118/12/31
F07A6637,新北市,聲嘉企業股份有限公司樹林廠,新北市樹林區東山里東大街二四號,M01,印刷電路板製造程序,操作,115/08/01
F07A7150,新北市,全盛美食有限公司,新北市樹林區三多里保安街三段一巷一號,M01,其他食品製造程序,設置,118/12/08
F07A7180,新北市,大廣企業股份有限公司二廠,新北市樹林區樹潭街八號(一、二樓),M01,印染整理程序,操作,118/09/08
F07A7180,新北市,大廣企業股份有限公司二廠,新北市樹林區樹潭街八號(一、二樓),M02,熱媒加熱程序,操作,119/04/20
F07A7180,新北市,大廣企業股份有限公司二廠,新北市樹林區樹潭街八號(一、二樓),M03,鍋爐蒸氣產生程序,操作,117/12/17
F07A7249,新北市,建美食品有限公司樹林廠,新北市樹林區圳民里俊英街二一九巷四五弄八之一號,M01,其他食品製造程序,操作,119/09/20
F07A8504,新北市,玉梃有限公司,新北市樹林區北園里西圳街一段二二之二號,M01,押出成型程序,操作,119/07/27
F07A8514,新北市,好滿鎰有限公司,新北市樹林區北園里民權街五巷二號,M01,鍋爐蒸氣產生程序,操作,118/10/21
F07A8683,新北市,台味開發有限公司,新北市樹林區南園里佳園路三段一○一巷六二弄五二之一五號,M01,其他食品製造程序,操作,119/08/09
F07A9681,新北市,燊宏實業有限公司二廠,新北市樹林區三龍里三俊街八一巷三二弄一號一、二樓,M01,印刷電路板製造程序,操作,117/12/26
F07B0547,新北市,久翔食品股份有限公司,新北市樹林區金寮里武林街一六號之一(一至二樓)、一六之二號一樓,M01,其他食品製造程序,操作,119/07/01
F07B2375,新北市,世芳預拌混凝土有限公司,新北市樹林區中正路二○五號,M01,混凝土拌合程序,操作,118/07/17
F07B3670,新北市,富資橡膠工業有限公司,新北市樹林區北園里西圳街二段四二巷一二號,M01,其他橡膠製品製造程序,操作,116/01/17
F07B3729,新北市,益順橡膠企業社,新北市樹林區北園里西圳街二段四二巷一二之一號,M01,其他橡膠製品製造程序,操作,116/01/09
F07B3739,新北市,宏開橡膠工業有限公司樹林廠,新北市樹林區北園里民權街五巷二九號,M01,其他橡膠製品製造程序,操作,118/12/03
F07B3749,新北市,偉勝橡膠實業有限公司,新北市樹林區北園里西圳街二段三四號,M01,其他橡膠製品製造程序,操作,117/12/19
F07B3759,新北市,長庚國際能源股份有限公司樹林廠,新北市樹林區東山里味王街五五號一、二樓,M01,其他電池製造程序,設置,119/05/11
F07B3868,新北市,廣德隆食品股份有限公司,新北市樹林區東園里柑園街一段一九二號,M01,其他食品製造程序,操作,119/09/09
F07B3907,新北市,源彰企業有限公司,新北市樹林區柑園里柑園街二段三七八巷一四號,M01,工業用橡膠製品製造程序,操作,119/10/03
F07B3967,新北市,岳騰興業股份有限公司,新北市樹林區彭厝里八德街二二六號,M01,塗料製造程序,操作,117/02/21
F07B4024,新北市,僑營橡膠工業股份有限公司,新北市樹林區南園里佳園路三段九九巷一一號一樓,M01,其他橡膠製品製造程序,操作,119/10/26
F07B4183,新北市,吉米地食品有限公司樹林廠,新北市樹林區三龍里三龍街一二四號一樓,M01,其他食品製造程序,設置,118/06/12
F07B4896,新北市,台箔科技股份有限公司,新北市樹林區寶園街八之二號,M01,凹版印刷作業程序,操作,116/10/19
F07B4965,新北市,鋒美食品實業有限公司,新北市樹林區彭厝里東豐街四九巷二二弄二三號,M01,其他食品製造程序,操作,116/02/28
F07B5042,新北市,喬彤企業有限公司,新北市樹林區東園里柑園街一段六五巷五三號一樓,M01,押出成型程序,操作,116/07/05
F07B5092,新北市,台灣大車隊股份有限公司樹林廠,新北市樹林區金寮里武林街一八號,M01,織物乾洗作業程序,操作,116/09/05
F07B5230,新北市,御瀧食品企業有限公司,新北市樹林區三俊街一三五巷二四號一樓,M01,其他食品製造程序,操作,117/02/08
F07B5260,新北市,南亞電路板股份有限公司樹林一廠,新北市樹林區東山里味王街五七號,M01,印刷電路板製造程序,操作,117/01/12
F07B5755,新北市,巍巍有限公司,新北市樹林區東山里東順街六○巷六號一樓,M01,塗料製造程序,操作,117/01/12
F07B5943,新北市,昱豐科技紡織有限公司,新北市樹林區金寮里樹潭街一○之九號、一○之一一號,M01,印染整理程序,操作,116/07/19
F07B6070,新北市,四季齋食品有限公司樹林廠,新北市樹林區中山路二段一五一巷一四弄二三號,M01,其他食品製造程序,操作,117/02/29
F07B6218,新北市,焌峰工業有限公司,新北市樹林區北園里佳園路二段一五巷一三號,M01,鋁鑄造製造程序,操作,116/08/29
F07B6298,新北市,永新圖染工業股份有限公司樹林廠,新北市樹林區東山里味王街一號一樓,M01,凹版印刷作業程序,操作,116/12/11
F07B6377,新北市,尚質實業有限公司三龍廠,新北市樹林區三龍里三龍街四五巷一號,M01,印刷電路板製造程序,設置,118/03/07
F07B6515,新北市,賽門鄧普拉食品有限公司,新北市樹林區圳生里俊興街二二四巷一、三號一樓,M01,其他食品製造程序,操作,117/11/15
F07B6575,新北市,中昱工程有限公司,新北市樹林區中正路四三三之二號,M01,混凝土拌合程序,設置,117/01/30
F07B6713,新北市,鴻宇塗料有限公司,新北市樹林區三多里俊興街二一一巷一九號,M01,印刷油墨化學原料製造程序,操作,118/01/11
F07B6812,新北市,鑫誠工業有限公司,新北市樹林區三多里三俊街九○巷五六弄一號,M01,金屬電鍍處理程序,操作,118/11/25
F07B7018,新北市,冠福印染股份有限公司,新北市樹林區三多里中正路五五六巷六號,M01,凹版印刷作業程序,操作,117/12/21
F07B7216,新北市,丹鐠實業有限公司,新北市樹林區圳生里俊安街二四巷一○弄八號一樓,M01,其他食品製造程序,操作,118/02/25
F07B7484,新北市,𨥭晟實業股份有限公司,新北市樹林區彭厝里東豐街七三號,M01,鋅合金壓鑄件製造程序,操作,118/11/24
F07B7494,新北市,大于企業股份有限公司俊安廠,新北市樹林區圳生里俊安街三號,M01,其他電線及電纜（含光纖電纜）製造程序,設置,118/12/22
F07B7622,新北市,幸孚預拌混凝土廠股份有限公司樹林廠,新北市樹林區三角埔段○四七○之○○○一地號,M01,混凝土拌合程序,設置,118/07/30
F07B8373,新北市,壹葉企業有限公司,新北市樹林區東順街七二號,M01,油漆化學製造程序,設置,119/11/02
F07B8749,新北市,鈞唯金屬有限公司,新北市樹林區三多里中正路五○八號,M01,鋁鑄造製造程序,設置,119/07/30
F0900045,新北市,東周化學工業股份有限公司,新北市三峽區添福里添福五九之三號,M01,油漆化學製造程序,操作,117/10/12
F0900125,新北市,合興電線電纜股份有限公司,新北市三峽區溪北里介壽路三段一二四、一二四之二號一、二、三樓,M02,金屬線製品製造程序,操作,116/06/20
F0900198,新北市,榮達鑄造有限公司,新北市三峽區二鬮里中正路三段一七六號,M01,灰鐵鑄造程序,操作,117/10/28
F0900385,新北市,福華電子股份有限公司三峽廠,新北市三峽區中正里中正路一段三九三號,M01,其他被動電子元件製造程序,操作,120/01/16
F0900410,新北市,大同股份有限公司三峽廠,新北市三峽區溪東里溪東路三五二號,M01,灰鐵鑄造程序,操作,116/03/13
F0900410,新北市,大同股份有限公司三峽廠,新北市三峽區溪東里溪東路三五二號,M41,鋁鑄造製造程序,操作,118/06/10
F0900410,新北市,大同股份有限公司三峽廠,新北市三峽區溪東里溪東路三五二號,M42,金屬噴磨（噴砂）處理程序,操作,118/06/10
F0900410,新北市,大同股份有限公司三峽廠,新北市三峽區溪東里溪東路三五二號,M59,金屬表面塗裝程序,操作,119/03/02
F0900410,新北市,大同股份有限公司三峽廠,新北市三峽區溪東里溪東路三五二號,M61,金屬表面塗裝程序,操作,116/01/03
F0900410,新北市,大同股份有限公司三峽廠,新北市三峽區溪東里溪東路三五二號,M65,鋁鑄造製造程序,操作,116/10/30
F0900429,新北市,承德油脂股份有限公司,新北市三峽區添福里添福一二、一二之一號,M04,其他酯類化學製造程序,操作及燃料,119/08/18
F0900670,新北市,德侑股份有限公司,新北市三峽區溪東路三三八巷一、三六號,M02,布疋貼合加工程序,操作,116/01/14
F0900670,新北市,德侑股份有限公司,新北市三峽區溪東路三三八巷一、三六號,M03,印染整理程序,操作,117/09/10
F0900741,新北市,國家中山科學研究院系統製造中心,新北市三峽區中正路三段一號,M02,鍋爐蒸氣產生程序,操作,117/03/03
F0900929,新北市,銀隆化工股份有限公司三峽廠,新北市三峽區成福里成福路一○五巷九號,M01,界面活性劑化學製造程序,操作,118/03/10
F0900983,新北市,裕成工業股份有限公司第一工廠,新北市三峽區介壽路三段二三五巷五號,M01,混凝土拌合程序,操作,119/03/07
F0901159,新北市,松益化工股份有限公司,新北市三峽區添福里添福四八之一號,M01,鍋爐蒸氣產生程序,操作,117/10/13
F0901159,新北市,松益化工股份有限公司,新北市三峽區添福里添福四八之一號,M02,其他基本化學材料製造程序,操作,119/02/17
F0901355,新北市,合興預拌混凝土股份有限公司預拌廠,新北市三峽區二鬮里中正路三段一九六號,M01,混凝土拌合程序,操作,117/05/08
F0901355,新北市,合興預拌混凝土股份有限公司預拌廠,新北市三峽區二鬮里中正路三段一九六號,M02,堆置場作業程序,操作,119/09/19
F0901613,新北市,富吉炭素股份有限公司,新北市三峽區中正里正義街一五一號,M01,粉末冶金程序,操作,117/12/16
F0901828,新北市,共益水泥製品廠,新北市三峽區溪北里介壽路三段一五四號,M01,水泥製品製造程序,操作,119/08/01
F0901908,新北市,永明水泥製品廠股份有限公司,新北市三峽區龍福段二二六之一地號,M03,混凝土拌合程序,操作,118/10/01
F0902012,新北市,蘭陽開發工業股份有限公司,新北市三峽區嘉添里白雞五五之一號,M03,鍋爐蒸氣產生程序,操作及燃料,114/12/21
F0902183,新北市,鈜源精密工業股份有限公司,新北市三峽區添福里添福五九號之五,M01,鋅合金壓鑄件製造程序,操作,117/09/04
F0902843,新北市,美盛堂化工有限公司,新北市三峽區嘉添里白雞六四之一一號,M01,皂膏製造程序,操作,116/11/06
F0905139,新北市,強志實業有限公司,新北市三峽區成福里成福路一○五巷一七號,M01,其他合成樹脂或塑膠製造程序,操作,117/01/04
F0905460,新北市,裕成工業股份有限公司第三工廠,新北市三峽區溪北里溪北段一○七三、一○七五、一○八○、一○八五地號（聯絡地址：新北市三峽區介壽路三段二三五巷七號,M01,堆置場作業程序,操作,117/06/20
F0905568,新北市,海山精密工業股份有限公司三峽廠,新北市三峽區添福里添福五九之六號,M01,鋼鑄造程序,操作,117/03/01
F0905602,新北市,捷美企業有限公司二廠,新北市三峽區溪東里溪東路三一五巷三弄一九號一樓,M01,印刷油墨化學原料製造程序,操作,116/09/19
F0905611,新北市,嘉聖金屬有限公司三峽廠,新北市三峽區二鬮里中正路三段一七六號,M01,灰鐵鑄造程序,操作,115/05/11
F0905719,新北市,亞暉企業股份有限公司,新北市三峽區龍埔里三樹路二七四號、二七六號、二七八號,M01,工業用橡膠製品製造程序,操作,115/03/24
F09A0362,新北市,全新包裝工業股份有限公司,新北市三峽區大埔里大埔路三三巷七號,M01,膠帶業製造,操作,119/03/09
F09A0401,新北市,磬豐國際股份有限公司三峽廠,新北市三峽區溪北里介壽路三段二三三巷二之一號,M01,混凝土拌合程序,操作,118/12/02
F09A1459,新北市,兆鴻印刷科技有限公司三峽廠,新北市三峽區添福里添福一四之三八號,M01,平版印刷作業程序,操作,119/07/21
F09A1528,新北市,岳峰精密化學股份有限公司橫溪廠,新北市三峽區成福路一○五巷三六號一樓,M01,塗料製造程序,操作,116/09/01
F09A1677,新北市,聯佶實業股份有限公司三峽廠,新北市三峽區成福里成福段小暗坑小段六三四地號,M01,混凝土拌合程序,操作,119/05/03
F09A2021,新北市,廣鑫科技股份有限公司,新北市三峽區添福里添福五九之三號二樓,M01,印刷油墨化學原料製造程序,操作,118/07/16
F09A3148,新北市,宗記營建剩餘土石方資源處理場,新北市三峽區溪北段○八八三、○八八四、○八九八、○九○二、○九一三、○九一四、○九一七、○九一八、○九一九、○九二八、○九二九、○九三○、○九三一、○九三二、○九三三、○九三四、○九三五、○九三六、○九三七、○九三八及○九三九地號等二一筆土地,M01,堆置場作業程序,操作,115/10/04
F09A3257,新北市,協利泡綿有限公司,新北市三峽區竹崙里紫新路二六巷一一號,M01,其他合成樹脂或塑膠製造程序,操作,117/06/19
F09A3663,新北市,泉碩科技股份有限公司,新北市三峽區添福七號,M01,其他塑膠製品製造程序,操作,115/03/16
F09A5352,新北市,一禾泰興業有限公司,新北市三峽區成福里成福路一○五巷二九號,M01,動物油處理製造程序,操作,116/06/12
F09A5659,新北市,寰冠科技股份有限公司,新北市三峽區安坑里安坑七○之二號,M01,混凝土拌合程序,操作,118/12/21
F09A8089,新北市,永瀚金屬有限公司,新北市三峽區大埔里中園街一○四之五號一樓,M01,其他基本金屬鑄造製造程序,操作,119/06/21
F09A9304,新北市,欣鉅興科技股份有限公司,新北市三峽區介壽里介壽路一段四一二巷一九號一、二、三樓,M01,印刷電路板製造程序,操作,117/08/10
F09A9780,新北市,聯雅工業股份有限公司,新北市三峽區溪北里橫溪路九七號、九七之一號一樓,M01,其他橡膠製品製造程序,操作,117/07/12
F09A9839,新北市,新北市有機廢棄物集中處理再利用廠,新北市三峽區山員潭子段六一之九地號,M01,廢棄物熱處理（焚化處理除外）程序,操作,119/01/02
F09A9928,新北市,東徽有限公司,新北市三峽區成福里成福路一○五巷一○號一樓,M01,其他橡膠製品製造程序,設置,117/03/09
F09B0171,新北市,丹露有限公司,新北市三峽區介壽里介壽路一段四二○巷一二號一樓,M01,其他食品製造程序,設置,117/11/29
F0800111,新北市,六志工業股份有限公司,新北市鶯歌區甲三街一七號,M01,陶土／黏土加工處理程序,操作,118/01/22
F0800111,新北市,六志工業股份有限公司,新北市鶯歌區甲三街一七號,M02,陶瓷製品乾式成型製造程序,操作,118/01/23
F0800193,新北市,三友陶磁股份有限公司大湖廠,新北市鶯歌區中湖里大湖路一三五、一三七號,M01,陶瓷製品濕式成型製造程序,操作,119/09/21
F0800264,新北市,五福窯業有限公司,新北市鶯歌區大湖里大湖路八五巷二號,M01,陶瓷製品濕式成型製造程序,操作,116/09/20
F0800317,新北市,中國砂輪企業股份有限公司鶯歌廠,新北市鶯歌區中山路六四號,M01,陶瓷製品乾式成型製造程序,操作,119/10/26
F0800344,新北市,大千瀝青拌合廠股份有限公司,新北市鶯歌區建德里中正一路阿四巷四之二號,M01,瀝青混凝土製造程序,操作,116/07/06
F0800353,新北市,大山瀝青拌合廠股份有限公司,新北市鶯歌區中正一路阿四巷五號,M01,瀝青混凝土製造程序,操作,119/11/10
F0800353,新北市,大山瀝青拌合廠股份有限公司,新北市鶯歌區中正一路阿四巷五號,M02,堆置場作業程序,操作,114/12/21
F0800399,新北市,協裕窯業股份有限公司,新北市鶯歌區二橋里中正三路二八二巷二○號,M01,陶土／黏土加工處理程序,操作,115/12/19
F0800399,新北市,協裕窯業股份有限公司,新北市鶯歌區二橋里中正三路二八二巷二○號,M02,陶瓷製品乾式成型製造程序,操作,116/03/06
F0800399,新北市,協裕窯業股份有限公司,新北市鶯歌區二橋里中正三路二八二巷二○號,M03,其他非金屬礦物製品製造程序,操作,118/03/20
F0800399,新北市,協裕窯業股份有限公司,新北市鶯歌區二橋里中正三路二八二巷二○號,M04,堆置場作業程序,操作,115/01/04
F0800433,新北市,福和窯業股份有限公司,新北市鶯歌區南靖里文化路三二四巷二三之一號,M01,陶土／黏土加工處理程序,操作,116/09/16
F0800442,新北市,國聯窯業股份有限公司,新北市鶯歌區永吉里鶯桃路二八五巷三五號,M01,陶土／黏土加工處理程序,操作,117/09/17
F0800442,新北市,國聯窯業股份有限公司,新北市鶯歌區永吉里鶯桃路二八五巷三五號,M02,陶瓷製品乾式成型製造程序,操作,118/03/05
F0800586,新北市,合豐瀝青股份有限公司,新北市鶯歌區建德里中正一路阿四巷四之四號,M02,堆置場作業程序,操作,115/08/10
F0800620,新北市,嘉寶自然工業股份有限公司鶯桃廠,新北市鶯歌區鳳鳴里福安街一號,M01,陶瓷製品乾式成型製造程序,操作,117/01/16
F0800620,新北市,嘉寶自然工業股份有限公司鶯桃廠,新北市鶯歌區鳳鳴里福安街一號,M02,有機溶劑作業程序,操作,115/05/13
F0800666,新北市,富昇塗料股份有限公司鶯歌廠,新北市鶯歌區永吉里德昌街一八七號,M01,塗料製造程序,操作,119/01/12
F0800719,新北市,大光高級耐火廠股份有限公司,新北市鶯歌區永吉里鶯桃路二九六巷五六號,M01,輕質耐火物製造程序,操作,119/03/30
F0800835,新北市,名坊紙業股份有限公司,新北市鶯歌區二橋里中正三路一五六巷六一號,M01,鍋爐蒸氣產生程序,操作,119/10/26
F0800988,新北市,潮輝陶磁股份有限公司,新北市鶯歌區二橋里中正三路二八五巷二號,M01,陶土／黏土加工處理程序,操作,116/09/30
F0800988,新北市,潮輝陶磁股份有限公司,新北市鶯歌區二橋里中正三路二八五巷二號,M02,堆置場作業程序,操作,116/11/26
F0801421,新北市,和成欣業股份有限公司二廠,新北市鶯歌區尖山里八德路一號,M01,銅鑄造製造程序,操作,115/11/16
F0801421,新北市,和成欣業股份有限公司二廠,新北市鶯歌區尖山里八德路一號,M03,金屬表面研磨程序,操作,119/12/11
F0801476,新北市,三洋窯業股份有限公司第二廠,新北市鶯歌區鳳祥里鶯桃路三六五巷三九號,M01,陶瓷製品乾式成型製造程序,操作,119/09/08
F0801485,新北市,金陶窯業股份有限公司,新北市鶯歌區中湖里大湖路一二三號,M03,陶瓷製品乾式成型製造程序,操作,115/02/03
F0801547,新北市,福誠股份有限公司,新北市鶯歌區南靖里文化路三二四巷二三號,M01,陶瓷製品乾式成型製造程序,操作,119/03/08
F0801583,新北市,高世紀工業股份有限公司,新北市鶯歌區八德路三之一號,M01,陶瓷製品乾式成型製造程序,操作,118/07/08
F0801627,新北市,源生陶瓷股份有限公司,新北市鶯歌區中湖里大湖路三二三號,M01,陶土／黏土加工處理程序,操作,115/12/30
F0801627,新北市,源生陶瓷股份有限公司,新北市鶯歌區中湖里大湖路三二三號,M02,陶瓷製品乾式成型製造程序,操作,117/08/04
F0801672,新北市,裕邦窯業股份有限公司,新北市鶯歌區尖山里八德路三之三號,M01,陶土／黏土加工處理程序,操作,116/12/24
F0801672,新北市,裕邦窯業股份有限公司,新北市鶯歌區尖山里八德路三之三號,M02,陶瓷製品乾式成型製造程序,操作,118/02/25
F0801672,新北市,裕邦窯業股份有限公司,新北市鶯歌區尖山里八德路三之三號,M03,堆置場作業程序,操作,117/09/15
F0801681,新北市,宏洲窯業股份有限公司,新北市鶯歌區二橋里中正三路二三○巷一四、一四之一、一六、一八號,M01,陶土／黏土加工處理程序,操作,116/02/27
F0801707,新北市,三洋窯業股份有限公司,新北市鶯歌區尖山里八德路一六號,M01,陶土／黏土加工處理程序,操作,116/06/17
F0801707,新北市,三洋窯業股份有限公司,新北市鶯歌區尖山里八德路一六號,M02,陶瓷製品乾式成型製造程序,操作,116/10/02
F0801743,新北市,富源磁器股份有限公司,新北市鶯歌區永昌里鶯桃路六○、六○之一號,M01,陶土／黏土加工處理程序,操作,119/06/20
F0801743,新北市,富源磁器股份有限公司,新北市鶯歌區永昌里鶯桃路六○、六○之一號,M02,陶瓷製品乾式成型製造程序,操作,117/02/21
F0801805,新北市,忠建工業股份有限公司,新北市鶯歌區大湖里大湖路三三五號,M01,瀝青混凝土製造程序,操作,119/11/16
F0801805,新北市,忠建工業股份有限公司,新北市鶯歌區大湖里大湖路三三五號,M03,堆置場作業程序,操作,115/02/04
F0801878,新北市,弘松窯業股份有限公司,新北市鶯歌區東湖里東湖路三六號,M01,陶土／黏土加工處理程序,操作,117/08/06
F0801878,新北市,弘松窯業股份有限公司,新北市鶯歌區東湖里東湖路三六號,M03,陶瓷製品乾式成型製造程序,操作,117/09/23
F0801896,新北市,益邦石膏股份有限公司,新北市鶯歌區文化路六六七號,M01,廢石膏再利用程序,操作,115/06/01
F0801949,新北市,凱洋企業股份有限公司,新北市鶯歌區二橋里中正三路三三五巷一六號,M01,陶瓷衛浴設備製造程序,操作,118/05/19
F0802133,新北市,張瑞芳企業股份有限公司,新北市鶯歌區南靖里文化路四二七之四、之五號,M01,陶瓷製品乾式成型製造程序,操作,115/01/14
F0802268,新北市,統帥窯業股份有限公司,新北市鶯歌區二甲里甲一街六五號,M01,陶土／黏土加工處理程序,操作,118/10/01
F0802268,新北市,統帥窯業股份有限公司,新北市鶯歌區二甲里甲一街六五號,M03,陶瓷製品乾式成型製造程序,操作,118/08/21
F0802464,新北市,永晟實業股份有限公司,新北市鶯歌區北鶯里中正一路二六九巷三二號,M01,陶瓷製品乾式成型製造程序,操作,115/12/28
F0802464,新北市,永晟實業股份有限公司,新北市鶯歌區北鶯里中正一路二六九巷三二號,M02,陶土／黏土加工處理程序,操作,118/01/12
F0802553,新北市,全泰耐火陶瓷工業股份有限公司,新北市鶯歌區鳳鳴里永和街二○○號,M01,陶土／黏土加工處理程序,操作,116/07/10
F0802553,新北市,全泰耐火陶瓷工業股份有限公司,新北市鶯歌區鳳鳴里永和街二○○號,M02,堆置場作業程序,操作,116/05/16
F0802704,新北市,昆成窯業股份有限公司,新北市鶯歌區北鶯里中正一路三○一之一號,M01,工業用陶瓷製品製造程序,操作,119/05/10
F0802740,新北市,承元窯業股份有限公司,新北市鶯歌區東湖路二五號一樓,M01,耐火磚製造程序,操作,116/07/24
F0802811,新北市,宏昌橡膠工業有限公司,新北市鶯歌區鳳鳴里福安街三四號,M01,其他橡膠製品製造程序,操作,119/07/25
F0802857,新北市,華泰窯業股份有限公司,新北市鶯歌區東湖里東湖路一四之一號,M02,陶土／黏土加工處理程序,操作,115/04/05
F0802857,新北市,華泰窯業股份有限公司,新北市鶯歌區東湖里東湖路一四之一號,M03,陶瓷製品乾式成型製造程序,操作,115/01/25
F0802866,新北市,隆昌窯業股份有限公司二廠,新北市鶯歌區永昌里鶯桃路四一號,M01,陶瓷衛浴設備製造程序,操作,119/11/01
F0802884,新北市,元泰窯業股份有限公司,新北市鶯歌區八德路三之三號一樓,M01,陶瓷製品乾式成型製造程序,操作,115/06/01
F0802946,新北市,同欣電子工業股份有限公司台北工廠,新北市鶯歌區鳳祥里鶯桃路三六五巷五五號,M01,印刷電路板製造程序,操作,118/07/02
F0802946,新北市,同欣電子工業股份有限公司台北工廠,新北市鶯歌區鳳祥里鶯桃路三六五巷五五號,M02,印刷電路板製造程序,操作,118/08/12
F0803023,新北市,良和造漆股份有限公司二廠,新北市鶯歌區二橋里中正三路二四七巷七一號,M01,油漆化學製造程序,操作,119/10/02
F0803149,新北市,長鼎工業股份有限公司鶯歌廠,新北市鶯歌區永吉里德昌街二○一號,M01,堆置場作業程序,操作,116/09/22
F0803201,新北市,營億膠業有限公司鶯歌廠,新北市鶯歌區中湖里大湖路一八五巷九弄六號,M01,其他橡膠製品製造程序,操作,117/11/25
F0807870,新北市,台灣砂輪工業股份有限公司,新北市鶯歌區中湖里大湖路五六巷一六號,M01,工業用陶瓷製品製造程序,操作,115/11/23
F0808055,新北市,訢成企業股份有限公司,新北市鶯歌區西湖街二八九巷一二號,M01,鍋爐蒸氣產生程序,操作,116/07/23
F0808055,新北市,訢成企業股份有限公司,新北市鶯歌區西湖街二八九巷一二號,M03,印染整理程序,操作,117/10/22
F0808144,新北市,建輻慶企業股份有限公司,新北市鶯歌區中湖里大湖路二一二號,M01,金屬表面塗裝程序,操作,115/05/11
F0808251,新北市,優加力實業有限公司鶯歌廠,新北市鶯歌區東湖里東湖路二四之一號,M01,陶瓷製品乾式成型製造程序,操作,116/06/05
F0813770,新北市,鑫翔益興業股份有限公司,新北市鶯歌區鶯桃路二一五號,M01,鍋爐蒸氣產生程序,操作,115/12/03
F0813770,新北市,鑫翔益興業股份有限公司,新北市鶯歌區鶯桃路二一五號,M02,印染整理程序,操作,116/09/13
F0813805,新北市,福鑫興業有限公司,新北市鶯歌區二橋里中正三路二三○巷一○號,M01,印染整理程序,操作,117/10/22
F0813805,新北市,福鑫興業有限公司,新北市鶯歌區二橋里中正三路二三○巷一○號,M04,鍋爐蒸氣產生程序,操作,119/05/10
F0813850,新北市,全民企業社,新北市鶯歌區尖山里尖山堆段三五四、五八○地號,M01,堆置場作業程序,操作,115/02/03
F0814419,新北市,廉大塑膠有限公司鶯歌廠,新北市鶯歌區中湖里大湖路一九三號,M01,押出成型程序,操作,116/06/21
F0814491,新北市,長惟工業營建剩餘土石方資源處理場,新北市鶯歌區橋子頭三段○二七四之○○○○地號,M01,堆置場作業程序,操作,116/04/27
F0814599,新北市,友勵企業有限公司永昌廠,新北市鶯歌區永昌里永昌街八六號,M01,印刷電路板製造程序,操作,119/01/13
F0814777,新北市,陽光城市開發股份有限公司鶯歌廠,新北市鶯歌區二橋里中正三路一五六巷二二號,M01,堆置場作業程序,操作,115/12/14
F0814928,新北市,金品金屬工業股份有限公司一廠,新北市鶯歌區永吉里德昌二街七二號,M01,灰鐵鑄造程序,操作,117/03/30
F08A1395,新北市,環菖企業有限公司鶯歌廠,新北市鶯歌區鳳鳴里鳳鳴路三○號,M01,押出成型程序,操作,116/02/20
F08A2066,新北市,台富水泥製品股份有限公司鶯歌廠,新北市鶯歌區東湖里東湖路一四號,M01,水泥製品製造程序,操作,118/01/22
F08A3262,新北市,隆池工業股份有限公司,新北市鶯歌區二橋里中正三路一五六巷五七號,M01,工業用陶瓷製品製造程序,操作,116/04/24
F08A3321,新北市,愛味香食品股份有限公司,新北市鶯歌區二橋里中正三路四九一巷七號,M01,調理食品製造程序,操作,119/04/29
F08A4399,新北市,裕益磁磚企業有限公司,新北市鶯歌區中湖里大湖路八五巷六號一樓,M01,陶瓷製品乾式成型製造程序,操作,115/09/13
F08A4517,新北市,保技鋁業股份有限公司,新北市鶯歌區二橋里中正三路二三八巷五九號一、二、三樓,M01,鋁鑄造製造程序,操作,117/11/30
F08A5822,新北市,鑫達興業有限公司,新北市鶯歌區建德里中正一路阿四巷八號,M01,其他耐火材料製造程序,操作,116/08/04
F08A5892,新北市,金元福包裝企業股份有限公司,新北市鶯歌區建國路三九九號一至三樓,M01,押出成型程序,操作,119/08/30
F08A6345,新北市,世大化成股份有限公司鶯歌廠,新北市鶯歌區尖山里八德路五六號、五六號三樓、五八號、六○號,M01,其他合成樹脂或塑膠製造程序,操作,119/01/05
F08A6692,新北市,龍達砂輪有限公司鶯歌廠,新北市鶯歌區中湖里大湖路一八五巷九弄九之一號,M01,工業及研磨材料製造程序,操作,116/05/09
F08A6850,新北市,鋇泰電子陶瓷股份有限公司鶯歌二廠,新北市鶯歌區永昌里永昌街一○五號一樓,M01,電阻製造程序,操作,115/02/08
F08A7907,新北市,中國砂輪企業股份有限公司大湖廠,新北市鶯歌區中湖里里大湖路余厝巷二號,M01,其他陶瓷製品製造程序,設置,115/12/13
F08A8074,新北市,永猷股份有限公司二廠,新北市鶯歌區鳳鳴里鶯桃路六五八巷四九號,M01,不織布製造程序,操作,116/08/08
F08A8183,新北市,馥華食品有限公司,新北市鶯歌區南靖里環河路七五號一至三樓、七七號一樓,M01,其他食品製造程序,操作,117/03/13
F08A8222,新北市,毅慶生技開發有限公司鶯歌廠,新北市鶯歌區二橋里中正三路一五六巷三三弄一五、一六號,M01,其他食品製造程序,操作,117/04/30
F08A8391,新北市,德隆國際事業有限公司鶯歌廠,新北市鶯歌區永昌里建國路四○五巷一六號一、三、四樓,M01,其他食品製造程序,操作,118/06/24
F08A8638,新北市,大磬企業股份有限公司,新北市鶯歌區鳳祥里鶯桃路六五八巷一六號(右棟),M01,冷凍食品製造程序,操作,117/11/27
F08A9359,新北市,田原塑膠股份有限公司鶯歌廠,新北市鶯歌區永昌里鶯桃路六七巷一八號,M01,凹版印刷作業程序,設置,117/10/22
F08A9399,新北市,元記實業營建剩餘土石方處理場,新北市鶯歌區東湖段四一二、四一三、四一九、四二○(部分)、四九○(部分)、四九一(部分)、四九二、四九三、四九四(部分)、四九五(部分)、四九六(部分)地號等一一筆土地,M01,堆置場作業程序,操作,119/08/21
F08A9408,新北市,永順安實業股份有限公司三廠,新北市鶯歌區中湖里西湖街二七九巷二○號,M01,陶瓷製品乾式成型製造程序,操作,118/11/07
F08A9676,新北市,元記實業股份有限公司,新北市鶯歌區中湖里中湖街二五八巷八號,M01,衍生燃料製造程序,設置,118/06/20
F08A9874,新北市,百軒食品有限公司,新北市鶯歌區永吉里鶯桃路二一七號一樓,M01,飼料製造程序,操作,119/03/13
F08B0205,新北市,鼎糧食品廠有限公司新北廠,新北市鶯歌區二甲里二甲路三○○號,M01,其他食品製造程序,設置,119/05/05
F1600393,新北市,新新昶染整廠股份有限公司,新北市泰山區楓樹里信義街一一號,M01,印染整理程序,操作,118/08/05
F1600393,新北市,新新昶染整廠股份有限公司,新北市泰山區楓樹里信義街一一號,M02,鍋爐蒸氣產生程序,操作,118/08/20
F1600464,新北市,臺灣三洋電機股份有限公司工廠,新北市泰山區貴和里貴鳳街三五號及新莊區中正路六一四巷二四號二樓,M06,射出成型程序,操作,117/10/20
F1600464,新北市,臺灣三洋電機股份有限公司工廠,新北市泰山區貴和里貴鳳街三五號及新莊區中正路六一四巷二四號二樓,M07,大型電器表面塗裝程序,操作,117/10/29
F1600491,新北市,南亞塑膠工業股份有限公司林口二廠,新北市泰山區大科里南林路一○二號【含南林路一○○號及八九、九一、九三號(之一至之四)及南泰路三號】,M02,聚酯樹脂製造程序,操作,115/04/25
F1600491,新北市,南亞塑膠工業股份有限公司林口二廠,新北市泰山區大科里南林路一○二號【含南林路一○○號及八九、九一、九三號(之一至之四)及南泰路三號】,M03,熱媒加熱程序,操作,118/04/24
F1600491,新北市,南亞塑膠工業股份有限公司林口二廠,新北市泰山區大科里南林路一○二號【含南林路一○○號及八九、九一、九三號(之一至之四)及南泰路三號】,M10,塑膠膜袋製造程序,操作,119/03/07
F1600491,新北市,南亞塑膠工業股份有限公司林口二廠,新北市泰山區大科里南林路一○二號【含南林路一○○號及八九、九一、九三號(之一至之四)及南泰路三號】,M91,鍋爐蒸氣產生程序,操作,115/02/04
F1601318,新北市,毅宜工業股份有限公司,新北市泰山區山腳里美寧街三七號,M01,金屬電鍍處理程序,操作,115/08/13
F1601318,新北市,毅宜工業股份有限公司,新北市泰山區山腳里美寧街三七號,M02,金屬表面塗裝程序,操作,118/04/30
F1606662,新北市,南亞科技股份有限公司三廠,新北市泰山區大科里南林路九八號、九八之一號二樓、三樓、四樓、五樓、六樓、七樓、九八之一號二樓等及一一五號,M01,積體電路製造程序,操作,117/06/27
F1606662,新北市,南亞科技股份有限公司三廠,新北市泰山區大科里南林路九八號、九八之一號二樓、三樓、四樓、五樓、六樓、七樓、九八之一號二樓等及一一五號,M02,積體電路製造程序,操作,119/08/29
F1607114,新北市,世享勝業有限公司,新北市泰山區黎明里泰林路三段三○一巷二一號,M01,鍋爐蒸氣產生程序,操作,118/01/07
F1607114,新北市,世享勝業有限公司,新北市泰山區黎明里泰林路三段三○一巷二一號,M02,印染整理程序,操作,119/12/08
F16A0896,新北市,南亞塑膠工業股份有限公司林口一廠,新北市泰山區大科里南林路一二二號,M01,押出成型程序,操作,115/08/13
F16A1359,新北市,保證責任新北市家禽運銷合作社附設屠宰場,新北市泰山區楓樹里中港南路一○三號,M01,屠宰作業程序,操作,118/04/17
F16A1973,新北市,耘新紙品有限公司泰山廠,新北市泰山區貴和里明志路三段四三二巷三一號,M01,平版印刷作業程序,操作,118/08/13
F16A6131,新北市,氣宇企業有限公司泰山廠,新北市泰山區黎明里黎明路四號(一樓、二樓)(泰山區自強段三建號),M01,金屬噴磨（噴砂）處理程序,操作,119/09/10
F16A6240,新北市,妮紅咬花股份有限公司泰山廠,新北市泰山區壽山路一○二號,M01,金屬噴磨（噴砂）處理程序,設置,119/04/07
F16A6280,新北市,尚俊塑膠有限公司,新北市泰山區黎明里泰山路一一七號,M01,押出成型程序,設置,118/10/07
F0400399,新北市,正隆股份有限公司板橋廠,新北市中和區員富里員山路五八一巷一○號,M04,鍋爐蒸氣產生程序,操作,119/02/17
F0400399,新北市,正隆股份有限公司板橋廠,新北市中和區員富里員山路五八一巷一○號,M05,有機溶劑作業程序,設置,119/01/16
F0400933,新北市,科樂印刷事業股份有限公司,新北市中和區碧河里建一路九三巷四號,M01,平版印刷作業程序,操作,115/06/02
F0401225,新北市,廣益印刷有限公司二廠,新北市中和區建和里板南路三三七號,M01,平版印刷作業程序,操作,117/07/22
F0401332,新北市,桂冠實業股份有限公司中和二廠,新北市中和區中原里橋和路六○號,M01,熱媒加熱程序,操作,118/04/17
F0401332,新北市,桂冠實業股份有限公司中和二廠,新北市中和區中原里橋和路六○號,M03,其他食品製造程序,操作,116/08/16
F0401378,新北市,桂冠實業股份有限公司中和一廠,新北市中和區中山路二段三二九號,M03,其他食品製造程序,操作,115/12/29
F0401565,新北市,台灣松下電器股份有限公司,新北市中和區員山里員山路五七九號,M06,射出成型程序,操作,116/09/13
F0401565,新北市,台灣松下電器股份有限公司,新北市中和區員山里員山路五七九號,M09,大型電器表面塗裝程序,操作,115/04/18
F0402875,新北市,臺灣泰陽電子股份有限公司中和廠,新北市中和區平河里中正路七七八、七七八之一、七八○、七八○之一、七八二、七八六、七八六之一、七八八、七八八之一號三樓,M01,電容器製造程序,操作,119/01/05
F0403130,新北市,生宇企業股份有限公司一廠,新北市中和區平河里錦和路一二六號一、二樓,M01,電容器製造程序,操作,117/10/10
F0418775,新北市,耀暘印刷股份有限公司,新北市中和區連城路一三四巷一七號,M01,平版印刷作業程序,操作,117/12/02
F0419601,新北市,科億資訊科技有限公司,新北市中和區中原里立德街一二三號二樓,M01,平版印刷作業程序,操作,118/09/03
F04A1474,新北市,富星彩色印刷設計股份有限公司中和廠,新北市中和區中原里立德街二六巷一八弄八號,M01,平版印刷作業程序,操作,117/10/03
F04A3599,新北市,天凱彩色印刷有限公司,新北市中和區平河里中正路七五二號,M01,平版印刷作業程序,操作,117/07/16
F04A7165,新北市,柏豐彩色印刷有限公司,新北市中和區中原里立德街一二三號一樓、一二五號一樓、一二七號一樓,M01,平版印刷作業程序,操作,116/07/31
F04A7472,新北市,衛生福利部雙和醫院(委託臺北醫學大學興建經營),新北市中和區中正路二九一號醫療大樓地下二層至地上一二層、中和區圓通路三○一號A棟(五、一一、一二層)及B棟(五、六、一一、一七層),M01,鍋爐蒸氣產生程序,操作,119/04/21
F04A8034,新北市,山水彩色印刷股份有限公司中和廠,新北市中和區碧河里連城路二二二巷一號一樓、二樓、三樓、四樓、五樓,M01,平版印刷作業程序,操作,117/08/18
F04A8391,新北市,富綱實業股份有限公司中和廠,新北市中和區建八路一一九號(一、二樓),M01,平版印刷作業程序,操作,117/10/03
F04A8480,新北市,白紗科技印刷股份有限公司中和廠,新北市中和區中原里中板路二五巷一八號,M01,平版印刷作業程序,操作,116/08/15
F04A9022,新北市,恒通股份有限公司立言廠,新北市中和區中原里立言街三八號一至六樓,M01,印刷電路板製造程序,操作,118/12/21
F04B1431,新北市,雙鍵化工股份有限公司,新北市中和區中原里中正路九五一、九五三、九五五、九五九、九六一號一七樓及九五三、九五五號一八樓,M01,接著劑化學製造程序,操作,116/07/18
F04B1431,新北市,雙鍵化工股份有限公司,新北市中和區中原里中正路九五一、九五三、九五五、九五九、九六一號一七樓及九五三、九五五號一八樓,M02,其他顏料製造程序,操作,116/07/11
F04C2040,新北市,范記天下素食有限公司,新北市中和區中原里立德街五二巷一七號,M01,其他食品製造程序,操作,117/07/01
F04C2941,新北市,彩之坊科技股份有限公司,新北市中和區連和里中山路二段三二三號,M01,平版印刷作業程序,操作,119/09/14
F04C3167,新北市,台灣德鉑股份有限公司橋和二廠,新北市中和區中原里橋和路一一二巷四、六號,M01,網版印刷作業程序,操作,119/06/24
F04C4373,新北市,沛諾美學生技國際有限公司美妝廠,新北市中和區中原里立德街一六八、一七○號四樓,M01,化粧品製造程序,操作,116/03/20
F04C4779,新北市,金全益金屬工廠有限公司中和廠,新北市中和區碧河里建六路六七巷三號一樓,M01,其他基本金屬鑄造製造程序,操作,119/10/26
F04C7149,新北市,光寶科技股份有限公司中和二廠,新北市中和區碧河里建六路七七號、七七號二樓(二樓、四樓、五樓),M01,其他電子零組件製造程序,操作,115/12/29
F04C7911,新北市,連霆營建剩餘土石方資源處理場,新北市中和區國道段三六三地號,M01,堆置場作業程序,設置,118/04/02
F04C9719,新北市,珍品軒食品有限公司,新北市中和區中原里立德街一一二號地下一樓,M01,其他食品製造程序,設置,117/10/10
F0200335,新北市,茂森木業股份有限公司,新北市三重區大有里中正北路五六○巷四九號,M02,合板製品製造程序,操作,118/10/01
F0200399,新北市,寶群紙器股份有限公司,新北市三重區谷王里五谷王北街六六巷四五號,M01,鍋爐蒸氣產生程序,操作,117/06/13
F0201172,新北市,璟鋒紙業股份有限公司,新北市三重區德厚里後埔街八○號,M03,鍋爐蒸氣產生程序,操作,116/09/16
F0201387,新北市,勤宗電鍍工業股份有限公司,新北市三重區國道路一段六一、六二號,M01,金屬電鍍處理程序,操作,116/03/14
F0201396,新北市,福昇鍍金工業股份有限公司,新北市三重區頂崁里中興北街一六○巷三○號,M01,金屬電鍍處理程序,操作,119/01/20
F0201485,新北市,宏進電子工業有限公司,新北市三重區中興里光復路一段三○巷八號,M01,印刷電路板製造程序,操作,117/09/15
F0201565,新北市,秋棠企業股份有限公司,新北市三重區永發里大勇街八二巷二六弄二八、三○、三二號,M01,金屬電鍍處理程序,操作,116/12/19
F0202008,新北市,順世企業有限公司,新北市三重區中興北街一○四巷一二號,M01,金屬電鍍處理程序,操作,117/12/02
F0202035,新北市,可豐工業有限公司,新北市三重區中興里中興南街二九之五號,M01,其他金屬品處理加工程序,操作,115/05/09
F0204584,新北市,復盛股份有限公司三重工廠,新北市三重區頂崁里光復路二段六○號,M01,金屬表面塗裝程序,操作,118/04/01
F0206506,新北市,祥楠興業有限公司,新北市三重區頂崁里中興北街二○四巷二六號一樓,M01,金屬電鍍處理程序,操作,117/01/09
F0211847,新北市,富源環保科技股份有限公司,新北市三重區頂崁里中興北街二四七巷一號,M01,使用熱處理法處理有害事業廢棄物製造程序,操作,116/09/19
F0212415,新北市,大禧工業股份有限公司光復廠,新北市三重區中興里光復路二段三六號,M01,印刷電路板製造程序,操作,118/03/10
F02A3272,新北市,台灣莫仕股份有限公司三重分公司(三重廠),新北市三重區中興里中興北街四四號一、二、三、四、六樓,M01,印刷電路板製造程序,操作,117/03/28
F02B0899,新北市,新北食品股份有限公司,新北市三重區永發里國道路一段五九號,M01,其他食品製造程序,操作,119/05/05
F02B4386,新北市,東坤國際實業有限公司,新北市三重區頂崁里光復路二段一八八號一、二樓,M01,其他食品製造程序,設置,119/07/14
F02B5007,新北市,統鮮美食股份有限公司,新北市三重區頂崁里中興北街一三六巷一八弄一八號一、二樓,M01,其他食品製造程序,操作,119/09/01
F02B5087,新北市,中精壓鑄股份有限公司三重廠,新北市三重區頂崁里光復路二段七四號,M01,鋁鑄造製造程序,操作,118/01/21
F02C5549,新北市,竹根有限公司國道廠,新北市三重區永發里國道路一段五八巷一八號,M01,其他玻璃及其製品製造程序,設置,118/10/15
F02C6646,新北市,家氏滷國際有限公司三重廠,新北市三重區頂崁里光復路二段一二九巷四號、四號二樓、四號三樓,M01,其他食品製造程序,設置,119/11/03
