ems_no,county,company_name,address,process_id,process_name,category,permit_no,effective_date,expiry_date
F1300085,新北市,奇鈺精密鑄造股份有限公司,新北市土城區沛陂里中山路一九號,M01,M01 - 鋼鑄造程序; M02 - 金屬噴磨（噴砂）處理程序,操作,新北市環操證字第F0990-05號; 新北市環操證字第F0991-06號,,115/11/18
F1300165,新北市,凌宇化工股份有限公司,新北市土城區沛陂里大同街一九號,M02,M02 - 化粧品製造程序,操作,新北市環操證字第F1985-02號,,116/11/08
F1300209,新北市,上豐實業有限公司,新北市土城區大暖路一一二號,M01,M01 - 其他合成樹脂或塑膠製造程序,操作,新北市環操證字第F2161-00號,,117/03/29
F1300218,新北市,巨豐企業股份有限公司,新北市土城區頂埔里大暖路七三號,M01,M01 - 其他電線及電纜（含光纖電纜）製造程序,操作,新北市環操證字第F0531-10號,,119/12/25
F1300405,新北市,新美光股份有限公司,新北市土城區沛陂里中山路五六號,M01,M01 - 印刷油墨化學原料製造程序,操作,新北市環操證字第F1407-07號,,115/05/08
F1300718,新北市,昇龍工業股份有限公司一廠,新北市土城區沛陂里民族街三號,M01,M01 - 接著劑化學製造程序,操作,新北市環操證字第F1218-04號,,115/07/18
F1300898,新北市,喜可工業股份有限公司,新北市土城區沛陂里自強街二五、二五之一號五樓,M01,M01 - 鍋爐蒸氣產生程序,操作,新北市環操證字第F2138-00號,,116/11/03
F1300996,新北市,東泰保麗龍有限公司,新北市土城區忠義路七二號,M02,M02 - 鍋爐蒸氣產生程序,操作,新北市環操證字第F0474-07號,,116/03/04
F1301019,新北市,鴻運瀝青化學股份有限公司,新北市土城區承天路一四號,M01,M01 - 瀝青混凝土製造程序,操作,新北市環操證字第F0084-07號,,119/05/03
F1301117,新北市,菲力工業股份有限公司第二工廠,新北市土城區沛陂里復興街二○、二二、二四號,M01,M01 - 自行車表面塗裝程序,操作,新北市環操證字第F0964-07號,,119/08/26
F1302196,新北市,長豐紡織科技股份有限公司,新北市土城區沛陂里德安街二號及二之一號,M01,M01 - 印染整理程序; M02 - 鍋爐蒸氣產生程序,操作,新北市環操證字第F1144-09號; 新北市環操證字第F1145-09號,,118/10/02
F1302212,新北市,興邦印染廠股份有限公司,新北市土城區沛陂里福安街一一四號,M01,M01 - 鍋爐蒸氣產生程序; M02 - 印染整理程序,操作,新北市環操證字第F0514-07號; 新北市環操證字第F0515-07號,,119/06/08
F1302258,新北市,廣銘企業股份有限公司,新北市土城區沛陂里中山路三○號、三二號,M01,M01 - 印染整理程序; M02 - 鍋爐蒸氣產生程序,操作,新北市環操證字第F0565-10號; 新北市環操證字第F0566-08號,,119/11/03
F1302310,新北市,信綺絲織廠股份有限公司,新北市土城區頂埔里大暖路六五、六七、六九號,M01,M01 - 印染整理程序; M03 - 熱媒加熱程序; M04 - 鍋爐蒸氣產生程序,操作,新北市環操證字第F1396-05號; 新北市環操證字第F1398-07號; 新北市環操證字第F1663-04號,,116/04/09
F1302418,新北市,欣成紙器股份有限公司,新北市土城區沛陂里中山路六一號,M01,M01 - 鍋爐蒸氣產生程序,操作,新北市環操證字第F1451-06號,,119/01/13
F1302427,新北市,祥琪紙器股份有限公司土城廠,新北市土城區大安里承天路二七號,M01,M01 - 鍋爐蒸氣產生程序,操作,新北市環操證字第F0530-07號,,119/06/14
F1302436,新北市,七星化學製藥股份有限公司,新北市土城區沛陂里福安街七五號,M01,M01 - 鍋爐蒸氣產生程序; M02 - 其他生物藥品製造程序,操作,新北市環操證字第F1268-06號; 新北市環操證字第F1269-07號,,118/08/10
F1302552,新北市,福鎂工業股份有限公司,新北市土城區大安里亞洲路一一巷三弄二六號,M01,M01 - 其他金屬表面處理程序,操作,新北市環操證字第F1067-06號,,115/08/14
F1302678,新北市,堅順股份有限公司,新北市土城區日新街四七之三號,M01,M01 - 印刷電路板製造程序,操作,新北市環操證字第F1230-07號,,119/06/29
F1302865,新北市,燿華電子股份有限公司,新北市土城區沛陂里中山路六二號,M01,M01 - 印刷電路板製造程序,操作,新北市環操證字第F0322-14號,,117/09/08
F1302963,新北市,立大化成工業股份有限公司,新北市土城區沛陂里民生街一五號,M02,M02 - 原料藥製造程序,操作,新北市環操證字第F1378-08號,,115/05/24
F1303175,新北市,亞東預拌混凝土股份有限公司土城廠,新北市土城區大安里中華路二段二○八號,M01,M01 - 混凝土拌合程序; M02 - 堆置場作業程序,操作,新北市環操證字第F0218-14號; 新北市環操證字第F1567-11號,,119/04/22
F1303193,新北市,集琳實業有限公司,新北市土城區日和里中央路一段三六五巷三二號,M01,M01 - 印刷電路板製造程序,操作,新北市環操證字第F1317-07號,,116/11/08
F1303380,新北市,淂剴工業有限公司,新北市土城區埤塘里忠承路一一號,M01,M01 - 其他金屬加工處理程序,操作,新北市環操證字第F1987-04號,,116/12/26
F1303540,新北市,清松塗料有限公司,新北市土城區員林里中央路一段三六五巷一八弄八號,M01,M01 - 塗料製造程序,操作,新北市環操證字第F0155-08號,,119/10/31
F1303568,新北市,國泰塗料油墨股份有限公司,新北市土城區廷寮里永豐路一九五巷二四號,M01,M01 - 塗料製造程序,操作,新北市環操證字第F0589-07號,,118/12/21
F1304109,新北市,益誠實業股份有限公司,新北市土城區頂埔里大暖路一一六號,M01,M01 - 其他合成樹脂或塑膠製造程序,操作,新北市環操證字第F0096-08號,,115/12/28
F1304136,新北市,麗德精密工業股份有限公司自強二廠,新北市土城區沛陂里自強街二五號四樓、二五之一號四樓,M01,M01 - 金屬電鍍處理程序,操作,新北市環操證字第F0247-06號,,119/05/03
F1304529,新北市,永豐紙業股份有限公司,新北市土城區日和里中央路一段三四一號一樓及三六五巷七號四、五、六樓,M01,M01 - 平版印刷作業程序,操作,新北市環操證字第F1158-05號,,116/02/18
F1304556,新北市,力群電子股份有限公司,新北市土城區沛陂里福安街一二○號,M01,M01 - 印刷電路板製造程序,操作,新北市環操證字第F1348-07號,,118/06/02
F1304789,新北市,燿華電子股份有限公司土城二廠,新北市土城區中山路四巷三號,M01,M01 - 印刷電路板製造程序,操作,新北市環操證字第F1109-15號,,118/09/16
F1305017,新北市,國產建材實業股份有限公司土城廠,新北市土城區大安里中華路二段二○二號,M01,M01 - 混凝土拌合程序,操作,新北市環操證字第F1274-09號,,116/03/23
F1305053,新北市,沈氏藝術印刷股份有限公司土城廠,新北市土城區日和里中央路一段三六五巷七號三樓,M01,M01 - 平版印刷作業程序,操作,新北市環操證字第F1043-10號,,119/07/20
F1305339,新北市,沈氏藝術印刷股份有限公司二廠,新北市土城區日和里中央路一段三六五巷七號地下二層,M01,M01 - 平版印刷作業程序,操作,新北市環操證字第F1265-08號,,115/05/21
F1305400,新北市,優美實業股份有限公司,新北市土城區頂埔里大暖路五一、五一之一號,M01,M01 - 膠帶業製造,操作,新北市環操證字第F1984-02號,,116/10/21
F1306523,新北市,佐全興業股份有限公司,新北市土城區復興街九及九之一號,M01,M01 - 塑膠品塗裝程序,操作,新北市環操證字第F2046-02號,,119/02/17
F1308321,新北市,上海印刷廠股份有限公司,新北市土城區大暖路七一號,M01,M01 - 平版印刷作業程序,操作,新北市環操證字第F1993-02號,,117/02/29
F1309846,新北市,統一超食代股份有限公司台北廠,新北市土城區中興路一六號,M01,M01 - 其他食品製造程序,操作,新北市環操證字第F1529-06號,,118/05/18
F1310143,新北市,弘榮工業股份有限公司,新北市土城區中華路一段一二○號,M01,M01 - ＰＵ皮製造程序,操作,新北市環操證字第F1933-02號,,115/03/15
F1310616,新北市,明輝化工實業有限公司,新北市土城區員仁里大安路一三八巷三二號,M01,M01 - 有機溶劑作業程序,操作,新北市環操證字第F1730-03號,,118/06/19
F1312281,新北市,立可白實業有限公司土城廠,新北市土城區沛陂里中山路四巷二號,M02,M02 - 織物乾洗作業程序,操作,新北市環操證字第F1742-03號,,119/01/28
F1390034,新北市,大興電線電纜股份有限公司,新北市土城區大安里承天路一七、二三號,M01,M01 - 其他電線及電纜（含光纖電纜）製造程序,操作,新北市環操證字第F1100-07號,,117/06/30
F13A2421,新北市,正誠工業有限公司,新北市土城區永寧里員仁段八四三、八四四、八四五、八四六、八四七地號(公司通信處:新北市土城區大安路一○一之五號),M01,M01 - 混凝土拌合程序,操作,新北市環操證字第F1825-04號,,115/08/23
F13A2441,新北市,瑋格國際有限公司,新北市土城區員仁里亞洲路一二巷七號,M01,M01 - 油墨製造程序,操作,新北市環操證字第F2171-00號,,117/06/14
F13A2500,新北市,甫舜企業有限公司,新北市土城區廷寮里永豐路二七○巷二三號一樓,M01,M01 - 印刷電路板製造程序,操作,新北市環操證字第F1821-03號,,116/03/19
F13A3489,新北市,唐威科技股份有限公司,新北市土城區沛陂里大同街一五號一樓,M01,M01 - 印刷電路板製造程序,操作,新北市環操證字第F1900-02號,,118/12/21
F13A3815,新北市,統一多拿滋股份有限公司土城廠,新北市土城區沛陂里中興路二○號一、二、三樓,M01,M01 - 其他食品製造程序,操作,新北市環操證字第F1921-04號,,119/10/02
F13A4190,新北市,合興預拌混凝土股份有限公司土城廠,新北市土城區員福里中華路一段一六二號,M01,M01 - 混凝土拌合程序,操作,新北市環操證字第F1876-05號,,117/12/05
F13A4437,新北市,岳昇有限公司土城廠,新北市土城區民權街一一號四樓(含五樓),M01,M01 - 金屬電鍍處理程序,操作,新北市環操證字第F1891-03號,,119/01/23
F13A4902,新北市,三龍產業股份有限公司,新北市土城區中山路五九號一、二、四樓、中山路五九號三樓(部分),M01,M01 - 塑膠品塗裝程序,操作,新北市環操證字第F2075-00號,,114/12/20
F13A5871,新北市,昌展工業有限公司,新北市土城區沛陂里中山路五二之二號一樓,M02,M02 - 印染整理程序,操作,新北市環操證字第F1942-02號,,115/05/24
F13A6532,新北市,庭凱工業股份有限公司二廠,新北市土城區大安里承天路四巷二之六號一、二樓,M01,M01 - 金屬表面塗裝程序; M02 - 塗料製造程序,操作,新北市環操證字第F1946-03號; 新北市環操證字第F2133-00號,,118/08/18
F13A6780,新北市,龍伸科技有限公司,新北市土城區沛陂里復興街一四號,M01,M01 - 印刷電路板製造程序,操作,新北市環操證字第F1955-02號,,115/09/05
F13A7817,新北市,芳琦企業股份有限公司,新北市土城區頂埔里大暖路八三號及八三號二樓,M01,M01 - ＰＵ皮製造程序,操作,新北市環操證字第F1996-02號,,117/03/26
F13B0650,新北市,歐立食品股份有限公司土城廠,新北市土城區沛陂里一五鄰中山路二一號及二、三、四樓,M01,M01 - 其他食品製造程序,操作,新北市環操證字第F2084-00號,,115/03/30
F13B0690,新北市,薪味香食品股份有限公司,新北市土城區廷寮里永豐路一九五巷三五號,M01,M01 - 其他食品製造程序,操作,新北市環操證字第F2044-02號,,119/01/07
F13B0759,新北市,味冠食品有限公司,新北市土城區廷寮里永豐路一九五巷七弄三號,M01,M01 - 其他食品製造程序,操作,新北市環操證字第F2043-02號,,118/12/22
F13B1311,新北市,崇裕科技股份有限公司土城二廠,新北市土城區廷寮里永豐路二○三之一號三樓、四樓,M01,M01 - 其他顏料製造程序,操作,新北市環操證字第F2089-02號,,115/05/17
F13B1925,新北市,德隆國際事業有限公司土城廠,新北市土城區大安里承天路七一巷二號(B、C棟),M01,M01 - 其他食品製造程序,操作,新北市環操證字第F2063-04號,,119/09/05
F13B2111,新北市,元利塑膠有限公司,新北市土城區沛坡里自強街四號,M01,M01 - 押出成型程序,操作,新北市環操證字第F2175-00號,,117/07/04
F13B3268,新北市,海睿企業有限公司,新北市土城區沛陂里勝利街一○巷八號三樓,M01,M01 - 油漆化學製造程序,操作,新北市環操證字第F2142-00號,,116/12/27
F13B3763,新北市,嘉祥發企業有限公司土城廠,新北市土城區廷寮里永豐路一九五巷二七弄一三、一五號,M01,M01 - 凹版印刷作業程序,操作,新北市環操證字第F2126-01號,,116/07/26
F13B3852,新北市,欣霆企業有限公司,新北市土城區沛陂里勝利街一○巷六號一樓,M01,M01 - 油漆化學製造程序,操作,新北市環操證字第F2157-00號,,117/03/09
F13B3941,新北市,允順塑膠有限公司,新北市土城區永寧里永平街七號一、二樓,M01,M01 - 凹版印刷作業程序,操作,新北市環操證字第F2159-00號,,117/03/14
F13B4197,新北市,豐展塑膠有限公司,新北市土城區永寧里永平街三二號一樓,M01,M01 - 凹版印刷作業程序,操作,新北市環操證字第F2150-00號,,117/02/14
F13B4919,新北市,立大化成工業股份有限公司民生二廠,新北市土城區民生街五號、五之一號,M01,M01 - 原料藥製造程序,設置,新北市環設證字第F1329-00號,,118/06/24
F13B5076,新北市,巨靈霸科技股份有限公司,新北市土城區廷寮里永豐路二○三之一號一樓,M01,M01 - 塗料製造程序,操作,新北市環操證字第F2213-00號,,118/04/14
F13B5204,新北市,晉紳潛泳器材有限公司,新北市土城區大安里承天路四巷二之一七號,M01,M01 - 其他橡膠製品製造程序,操作,新北市環操證字第F2167-00號,,117/04/27
F13B6856,新北市,漢來塑膠包裝有限公司中山廠,新北市土城區沛陂里中山路三八號一樓,M01,M01 - 凹版印刷作業程序,設置,新北市環設證字第F1359-00號,,119/01/02
F0700385,新北市,華泰電線電纜有限公司,新北市樹林區武林街一四之三號,M01,M01 - 押出成型程序,操作,新北市環操證字第F0568-06號,,115/08/16
F0700447,新北市,唯新工業股份有限公司,新北市樹林區金寮里武林街二之一號一樓,M01,M01 - 其他橡膠製品製造程序,操作,新北市環操證字第F1490-07號,,118/08/05
F0700509,新北市,介明塑膠股份有限公司,新北市樹林區三龍街七號,M01,M01 - 塑膠皮、板、管材製造程序,操作,新北市環操證字第F1941-02號,,115/05/10
F0700536,新北市,一天企業有限公司,新北市樹林區圳安里俊英街六三巷一○號,M01,M01 - 油漆化學製造程序,操作,新北市環操證字第F0354-07號,,118/01/01
F0700670,新北市,正竹金屬工業股份有限公司,新北市樹林區圳生里俊興街二九六號,M01,M01 - 鋼鑄造程序,操作,新北市燃使證字第F0896-06號,,119/08/30
F0701293,新北市,南亞塑膠工業股份有限公司台染廠,新北市樹林區東山里味王街五七號(含味王街五五號),M01,M01 - 熱媒加熱程序; M02 - 印染整理程序,操作,新北市環操證字第F0541-19號; 新北市環操證字第F0768-15號,,117/11/10
F0701613,新北市,中化合成生技股份有限公司山佳工廠,新北市樹林區東山里東興街一號,M02,M02 - 原料藥製造程序; M03 - 鍋爐蒸氣產生程序,操作,新北市環操證字第F0161-08號; 新北市環操證字第F0162-09號,,116/02/13
F0701640,新北市,電光企業股份有限公司,新北市樹林區東山里中山路二段一三一號,M02,M02 - 陶瓷製品濕式成型製造程序,操作,新北市環操證字第F0481-14號,,119/10/11
F0701702,新北市,南亞塑膠工業股份有限公司樹林廠,新北市樹林區東山里味王街五五號,M07,M07 - 聚脲(PU)樹脂化學製造程序; M08 - 熱媒加熱程序; M09 - 環氧樹脂製造程序; M11 - 環氧樹脂製造程序; M15 - 醫療器材及用品製造程序; M21 - 其他電子零組件製造程序; M25 - 離型膜製造程序; M26 - 其他合成樹脂或塑膠製造程序; M27 - 再生及合成纖維紡織品製造程序; M31 - 印刷油墨化學原料製造程序,操作,新北市環操證字第F0299-14號; 新北市環操證字第F0300-15號; 新北市環操證字第F0122-17號; 新北市環操證字第F1769-09號; 新北市環操證字第F2225-00號; 新北市環操證字第F0845-13號; 新北市環操證字第F1367-17號; 新北市環操證字第F1666-10號; 新北市環操證字第F1188-14號; 新北市環操證字第F1420-10號,,119/06/29
F0701846,新北市,輝泰工業股份有限公司,新北市樹林區三多里三俊街七四巷三五號,M01,M01 - 金屬電鍍處理程序,操作,新北市環操證字第F0931-05號,,117/05/14
F0701926,新北市,優技電子股份有限公司,新北市樹林區東順街七一號,M01,M01 - 印刷電路板製造程序,操作,新北市環操證字第F1314-04號,,115/08/15
F0701935,新北市,永晉電瓷股份有限公司,新北市樹林區潭底里豐林街四○號,M01,M01 - 陶瓷製品濕式成型製造程序,操作,新北市環操證字第F0147-08號,,118/12/25
F0701962,新北市,旭智股份有限公司,新北市樹林區山佳里八德街四九二巷七號,M01,M01 - 印刷電路板製造程序,操作,新北市環操證字第F0496-11號,,115/08/08
F0702165,新北市,建鴻工業有限公司樹林廠,新北市樹林區武林街五之二號,M01,M01 - 金屬表面清洗程序,操作,新北市環操證字第F1968-02號,,116/02/27
F0702370,新北市,群益鋁業股份有限公司,新北市樹林區三興里工興街二八號,M01,M01 - 其他金屬品處理加工程序,操作,新北市環操證字第F1084-06號,,119/08/08
F0702414,新北市,晃成企業股份有限公司,新北市樹林區三龍里三龍街四五巷八號,M01,M01 - 金屬電鍍處理程序,操作,新北市環操證字第F0897-08號,,119/11/01
F0702478,新北市,君昇實業股份有限公司,新北市樹林區俊興街二一○巷六、一二號,M01,M01 - 印刷電路板製造程序,操作,新北市環操證字第F1433-04號,,118/04/08
F0702549,新北市,國力混凝土工業股份有限公司,新北市樹林區北園里西圳街一段一一六巷一四號,M01,M01 - 水泥製品製造程序,操作,新北市環操證字第F0338-05號,,116/12/18
F0702567,新北市,新北市肉品市場,新北市樹林區俊安街四三號,M01,M01 - 屠宰作業程序,操作,新北市環操證字第F1908-03號,,119/03/28
F0702870,新北市,祐鋅實業有限公司,新北市樹林區俊英街一一六巷二九弄四、六、八號,M01,M01 - 其他金屬品處理加工程序,操作,新北市環操證字第F0851-07號,,119/08/30
F0702969,新北市,崇友企業有限公司,新北市樹林區三龍里三俊街六五巷一八弄三號,M01,M01 - 金屬電鍍處理程序,操作,新北市環操證字第F1164-06號,,115/08/07
F0703251,新北市,先進工業股份有限公司,新北市樹林區圳生里三俊街二五二巷一三號,M02,M02 - 印刷電路板製造程序,操作,新北市環操證字第F0421-07號,,118/04/15
F0703859,新北市,尚德有限公司,新北市樹林區金寮里光武街三○巷一一號,M01,M01 - 金屬電鍍處理程序,操作,新北市環操證字第F2246-00號,,119/03/25
F0703948,新北市,樹林垃圾焚化廠,新北市樹林區樂山里中山路三段二一二號,M01,M01 - 廢棄物焚化處理程序,操作,新北市環操證字第F0174-15號,,116/07/12
F0704025,新北市,維毅實業有限公司,新北市樹林區圳生里俊興街二二四巷一四號,M01,M01 - 金屬電鍍處理程序,操作,新北市環操證字第F2193-00號,,117/12/17
F0704052,新北市,鉅翔金屬科技工業股份有限公司,新北市樹林區圳安里俊英街二五四號,M01,M01 - 其他金屬熱處理程序,操作,新北市環操證字第F2021-01號,,118/01/01
F0704212,新北市,成功瀝青工業股份有限公司第二廠,新北市樹林區北園里西圳街二段六○號,M01,M01 - 瀝青混凝土製造程序; M02 - 堆置場作業程序,操作,新北市環操證字第F0191-10號; 新北市環操證字第F1580-06號,,119/09/21
F0704347,新北市,天強企業股份有限公司,新北市樹林區三龍里三龍街二四巷二號,M01,M01 - 印刷電路板製造程序,操作,新北市環操證字第F0477-07號,,117/03/12
F0704525,新北市,龍懋電子股份有限公司樹林廠,新北市樹林區三多里三龍街二○號,M01,M01 - 印刷電路板製造程序,操作,新北市環操證字第F1743-03號,,119/02/05
F0704687,新北市,永麗企業社,新北市樹林區圳民里中正路二二○巷一五號,M01,M01 - 金屬表面清洗程序,操作,新北市環操證字第F2222-00號,,118/10/17
F0704776,新北市,協灃企業股份有限公司,新北市樹林區金寮里武林街一○之三號,M01,M01 - 印染整理程序,操作,新北市環操證字第F0863-09號,,119/10/20
F0704874,新北市,百為實業有限公司,新北市樹林區三龍里三俊街八一巷四二號,M01,M01 - 印刷電路板製造程序,操作,新北市環操證字第F0813-07號,,114/12/31
F0705040,新北市,訢合企業股份有限公司,新北市樹林區柑園里佳園路三段三三號,M01,M01 - 鍋爐蒸氣產生程序; M03 - 印染整理程序,操作,新北市環操證字第F0651-07號; 新北市環操證字第F0650-08號,,116/04/25
F0705246,新北市,亞利預鑄工業股份有限公司樹林預鑄廠,新北市樹林區北園里佳園路二段三之一號,M01,M01 - 水泥製品製造程序; M02 - 鍋爐蒸氣產生程序,操作,新北市環操證字第F1124-10號; 新北市環操證字第F1197-06號,,119/06/27
F0705639,新北市,連強紡織有限公司,新北市樹林區三龍里三龍街三八號,M01,M01 - 印染整理程序; M02 - 鍋爐蒸氣產生程序,操作,新北市環操證字第F1410-06號; 新北市環操證字第F1411-06號,,118/11/27
F0706001,新北市,金協昌科技股份有限公司,新北市樹林區坡內里備內街五二之一號,M01,M01 - 印刷電路板製造程序,操作,新北市環操證字第F2011-03號,,115/11/13
F0706074,新北市,柏凱實業股份有限公司,新北市樹林區金寮里樹潭街一○之五號及一○號,M01,M01 - 鍋爐蒸氣產生程序; M02 - 印染整理程序,操作,新北市環操證字第F1283-09號; 新北市環操證字第F1284-09號,,117/01/30
F0706172,新北市,加金企業股份有限公司,新北市樹林區東興街一六巷三○號,M01,M01 - 其他橡膠製品製造程序,操作,新北市環操證字第F1176-04號,,115/05/21
F0706252,新北市,順昶塑膠股份有限公司樹林廠,新北市樹林區北園里西圳街一段一一一號,M01,M01 - 塑膠膜袋製造程序; M02 - 凹版印刷作業程序,操作,新北市環操證字第F1113-08號; 新北市環操證字第F2261-00號,,119/09/01
F0707491,新北市,台盟電子股份有限公司,新北市樹林區三龍里三龍街一五五號,M01,M01 - 印刷電路板製造程序,操作,新北市環操證字第F1510-07號,,115/11/09
F0708925,新北市,力基實業股份有限公司,新北市樹林區圳生里三俊街二五二巷三三號,M01,M01 - 鋁鑄造製造程序,操作,新北市環操證字第F2141-00號,,116/12/20
F0709226,新北市,太甫實業有限公司,新北市樹林區金寮里樹潭街一○之六號,M01,M01 - 其他合成樹脂或塑膠製造程序,操作,新北市環操證字第F1794-04號,,116/10/17
F0709280,新北市,弘和泡綿興業有限公司樹林廠,新北市樹林區光興里光興街九一號,M01,M01 - 其他合成樹脂或塑膠製造程序,操作,新北市環操證字第F2220-00號,,118/09/15
F0709566,新北市,秦強達金屬工業有限公司,新北市樹林區圳生里三俊街一九九巷一○之一三號,M01,M01 - 金屬表面清洗程序,操作,新北市環操證字第F1429-05號,,116/06/27
F0709637,新北市,興磊營建剩餘土石方資源處理場,新北市樹林區北園段三一、三二、三三、四○、四三、四五、四六、六二、六三、六四、六五、六八、七一、七二地號,M01,M01 - 堆置場作業程序,操作,新北市環操證字第F1808-06號,,115/01/12
F0709977,新北市,晉利實業有限公司樹林廠,新北市樹林區潭底里大安路一四五巷八號一樓,M01,M01 - 塗料製造程序,操作,新北市環操證字第F2151-00號,,117/02/14
F0710201,新北市,樹林聯安營建廢棄物資源再利用處理場,新北市樹林區圳生段一七八、一七九、一八○、一八一及二一五號,M01,M01 - 堆置場作業程序,操作,新北市環操證字第F1516-10號,,116/12/10
F0712063,新北市,德資股份有限公司樹林廠,新北市樹林區獇寮里保安街二段四五巷二九號,M01,M01 - 印刷油墨化學原料製造程序,操作,新北市環操證字第F1871-04號,,117/12/09
F0712376,新北市,大于企業股份有限公司,新北市樹林區獇寮里保安街二段三三九號之一,M01,M01 - 其他電線及電纜（含光纖電纜）製造程序,操作,新北市環操證字第F1807-04號,,115/02/22
F0714996,新北市,銓鋁工業股份有限公司,新北市樹林區圳民里俊英街一一一巷一四號,M01,M01 - 鋁鑄造製造程序,操作,新北市環操證字第F1982-01號,,116/09/25
F0718976,新北市,帝盟科技股份有限公司,新北市樹林區圳生里三俊街一九九巷二九、二九之一號,M01,M01 - 印刷電路板製造程序,操作,新北市環操證字第F1559-07號,,117/09/30
F0720047,新北市,台灣華洪企業股份有限公司,新北市樹林區金寮里樹潭街一○之一○號一樓,M02,M02 - 膠帶業製造,操作,新北市環操證字第F1628-06號,,117/04/22
F0720207,新北市,樹林彭福段彭厝小段營建剩餘土石方資源處理場,新北市樹林區彭福段彭厝小段一二九之五地號,M01,M01 - 堆置場作業程序,操作,新北市環操證字第F1788-05號,,115/03/12
F0720243,新北市,群鋒工業有限公司樹林廠,新北市樹林區圳生里俊安街二四巷一○弄一一號,M01,M01 - 金屬電鍍處理程序,操作,新北市環操證字第F2212-00號,,118/03/25
F0720369,新北市,泓洸企業有限公司,新北市樹林區圳生里三俊街二五二巷一○號,M01,M01 - 金屬電鍍處理程序,操作,新北市環操證字第F2207-00號,,118/02/06
F0720609,新北市,呈錩工業有限公司樹林廠,新北市樹林區金寮里武林街一六之三號一樓、二樓,M01,M01 - 金屬電鍍處理程序,操作,新北市環操證字第F1947-03號,,115/07/27
F0720805,新北市,北旭百企業有限公司三俊廠,新北市樹林區圳生里三俊街一九九巷二○弄一七號(一、二、三樓及夾層)及一七之一號(一、二、三樓),M01,M01 - 印刷電路板製造程序,操作,新北市環操證字第F1845-04號,,119/09/27
F0721366,新北市,新日興股份有限公司樹林廠,新北市樹林區圳安里俊英街一九四號一至四樓,M01,M01 - 其他金屬熱處理程序,操作,新北市環操證字第F1853-07號,,116/03/21
F0721482,新北市,笙富科技有限公司,新北市樹林區三多里俊興街二一一巷七弄四二號一樓,M01,M01 - 印刷電路板製造程序,操作,新北市環操證字第F2056-01號,,119/07/01
F0721651,新北市,立行環保有限公司樹林廠,新北市樹林區圳安里俊英街一○四號,M01,M01 - 事業廢棄物再利用或處理程序,操作,新北市環操證字第F1827-02號,,115/12/25
F0721660,新北市,嘉聯益科技股份有限公司樹林廠,新北市樹林區樹東里博愛街二四八號、二四八號四樓、二四八號六樓、二四八號八樓,M01,M01 - 印刷電路板製造程序,操作,新北市環操證字第F1682-10號,,118/01/07
F0724223,新北市,長聯富企業有限公司樹林廠,新北市樹林區東豐段四七七、四七七之一、四七九及四八六地號等四筆土地,M01,M01 - 堆置場作業程序,操作,新北市環操證字第F1711-07號,,116/04/30
F0724269,新北市,日益茂工業股份有限公司,新北市樹林區金寮里樹潭街一之二、一之三號,M01,M01 - 金屬電鍍處理程序,操作,新北市環操證字第F2200-01號,,118/01/01
F0725257,新北市,遠嘉土石方資源堆置處理場,新北市樹林區中華段四五八地號、四六○之一地號、東山段六九一地號,M01,M01 - 堆置場作業程序,操作,新北市環操證字第F1514-06號,,117/06/14
F0725444,新北市,新北市政府環境保護局樹林飛灰固化廠,新北市樹林區中山路三段二一四號,M01,M01 - 廢棄物固化處理程序,操作,新北市環操證字第F1856-03號,,116/10/15
F0725668,新北市,大漢混凝土股份有限公司,新北市樹林區彭厝里八德街二二八號,M01,M01 - 混凝土拌合程序,操作,新北市環操證字第F1616-05號,,119/08/04
F0795268,新北市,泰藝電子股份有限公司樹林廠,新北市樹林區金寮里樹潭街五號,M01,M01 - 其他被動電子元件製造程序,操作,新北市環操證字第F1847-05號,,118/10/02
F07A0708,新北市,德勝家畜屠宰場,新北市樹林區柑園街一段一之一號,M01,M01 - 屠宰作業程序,操作,新北市環操證字第F2001-03號,,119/08/19
F07A0986,新北市,偉貿股份有限公司二廠,新北市樹林區圳民里中正路二二二號,M01,M01 - 印染整理程序,操作,新北市環操證字第F1740-03號,,117/05/13
F07A1172,新北市,魔術食品工業股份有限公司二廠,新北市樹林區金寮里武林街九之一號,M01,M01 - 其他食品製造程序,操作,新北市環操證字第F2238-01號,,119/01/14
F07A1211,新北市,龍榕金屬有限公司,新北市樹林區金寮里樹潭街一之五號一樓,M01,M01 - 其他基本金屬鑄造製造程序,操作,新北市環操證字第F2191-00號,,117/11/21
F07A1231,新北市,榮興橡膠工業有限公司樹林廠,新北市樹林區三龍里三龍街一一六號一樓,M01,M01 - 其他橡膠製品製造程序,操作,新北市環操證字第F1772-03號,,119/03/23
F07A1261,新北市,美正紙器股份有限公司樹林廠,新北市樹林區金寮里樹潭街一二之一號,M01,M01 - 平版印刷作業程序,操作,新北市環操證字第F2202-00號,,118/01/11
F07A1508,新北市,煌輝食品企業有限公司,新北市樹林區中正路二六四巷一號,M01,M01 - 其他食品製造程序,操作,新北市環操證字第F2115-00號,,116/01/25
F07A2100,新北市,凱將電子有限公司,新北市樹林區三龍街二四巷一號一樓,M01,M01 - 印刷電路板製造程序,操作,新北市環操證字第F1824-03號,,115/09/03
F07A2754,新北市,濟展塑膠工業有限公司,新北市樹林區東山里東順街五七巷一七號一、二樓,M01,M01 - 押出成型程序,操作,新北市環操證字第F1864-02號,,117/05/28
F07A2764,新北市,濟展塑膠工業有限公司樹林二廠,新北市樹林區東順街五七巷一三號(一之二樓)、一五號(一之二樓),M01,M01 - 押出成型程序,操作,新北市環操證字第F1863-02號,,117/05/28
F07A2972,新北市,香港商卡秀萬輝高新材料有限公司台灣分公司,新北市樹林區東山里東順街七○號一樓,M01,M01 - 油漆化學製造程序,操作,新北市環操證字第F1859-04號,,117/06/10
F07A3178,新北市,橡技工業股份有限公司樹林二廠,新北市樹林區工興街一八之一、一八之二、一八之三號,M01,M01 - 其他橡膠製品製造程序,操作,新北市環操證字第F1834-03號,,118/03/10
F07A3346,新北市,瑋鋒科技股份有限公司,新北市樹林區樹東里博愛街二四○號一至四樓,M01,M01 - 工業用膠製造程序,操作,新北市環操證字第F1882-03號,,118/08/31
F07A3594,新北市,邦協發展企業有限公司,新北市樹林區東園里田尾街一九三巷二一之二號,M01,M01 - 押出成型程序,操作,新北市環操證字第F1974-01號,,115/01/28
F07A3722,新北市,雙翼食品有限公司,新北市樹林區三福里忠愛街一號(一樓)及三號(一、二樓),M01,M01 - 其他食品製造程序,操作,新北市環操證字第F2250-00號,,119/05/19
F07A4116,新北市,鴻騰電子股份有限公司,新北市樹林區三多里三俊街一五四號一樓,M01,M01 - 其他金屬表面處理程序,操作,新北市環操證字第F1959-03號,,115/10/09
F07A4512,新北市,金奕科技有限公司,新北市樹林區鎮前街二六九巷二九弄一六號(一、二、三樓),M01,M01 - 印刷電路板製造程序,操作,新北市環操證字第F2217-00號,,118/05/09
F07A5491,新北市,聯賓塑膠股份有限公司二廠,新北市樹林區金寮里樹潭街四號一至五樓,M01,M01 - 塑膠膜袋製造程序; M02 - 凹版印刷作業程序,操作,新北市環操證字第F2166-00號; 新北市環操證字第F2074-03號,,119/12/06
F07A6449,新北市,定慶企業股份有限公司,新北市樹林區金寮里武林街四號、四之一號、四之三號,M01,M01 - 印染整理程序; M02 - 熱媒加熱程序,操作,新北市環操證字第F1911-02號; 新北市環操證字第F1905-02號,,118/12/31
F07A6637,新北市,聲嘉企業股份有限公司樹林廠,新北市樹林區東山里東大街二四號,M01,M01 - 印刷電路板製造程序,操作,新北市環操證字第F1949-01號,,115/08/01
F07A7150,新北市,全盛美食有限公司,新北市樹林區三多里保安街三段一巷一號,M01,M01 - 其他食品製造程序,設置,新北市環設證字第F1357-00號,,118/12/08
F07A7180,新北市,大廣企業股份有限公司二廠,新北市樹林區樹潭街八號(一、二樓),M01,M01 - 印染整理程序; M02 - 熱媒加熱程序; M03 - 鍋爐蒸氣產生程序,操作,新北市環操證字第F1914-02號; 新北市環操證字第F1915-02號; 新北市環操證字第F1916-03號,,119/04/20
F07A7249,新北市,建美食品有限公司樹林廠,新北市樹林區圳民里俊英街二一九巷四五弄八之一號,M01,M01 - 其他食品製造程序,操作,新北市環操證字第F1935-02號,,119/09/20
F07A8504,新北市,玉梃有限公司,新北市樹林區北園里西圳街一段二二之二號,M01,M01 - 押出成型程序,操作,新北市環操證字第F1927-02號,,119/07/27
F07A8514,新北市,好滿鎰有限公司,新北市樹林區北園里民權街五巷二號,M01,M01 - 鍋爐蒸氣產生程序,操作,新北市環操證字第F1936-02號,,118/10/21
F07A8683,新北市,台味開發有限公司,新北市樹林區南園里佳園路三段一○一巷六二弄五二之一五號,M01,M01 - 其他食品製造程序,操作,新北市環操證字第F1977-02號,,119/08/09
F07A9681,新北市,燊宏實業有限公司二廠,新北市樹林區三龍里三俊街八一巷三二弄一號一、二樓,M01,M01 - 印刷電路板製造程序,操作,新北市環操證字第F2020-03號,,117/12/26
F07B0547,新北市,久翔食品股份有限公司,新北市樹林區金寮里武林街一六號之一(一至二樓)、一六之二號一樓,M01,M01 - 其他食品製造程序,操作,新北市環操證字第F2253-00號,,119/07/01
F07B2375,新北市,世芳預拌混凝土有限公司,新北市樹林區中正路二○五號,M01,M01 - 混凝土拌合程序,操作,新北市環操證字第F2034-02號,,118/07/17
F07B3670,新北市,富資橡膠工業有限公司,新北市樹林區北園里西圳街二段四二巷一二號,M01,M01 - 其他橡膠製品製造程序,操作,新北市環操證字第F2113-00號,,116/01/17
F07B3729,新北市,益順橡膠企業社,新北市樹林區北園里西圳街二段四二巷一二之一號,M01,M01 - 其他橡膠製品製造程序,操作,新北市環操證字第F2110-00號,,116/01/09
F07B3739,新北市,宏開橡膠工業有限公司樹林廠,新北市樹林區北園里民權街五巷二九號,M01,M01 - 其他橡膠製品製造程序,操作,新北市環操證字第F2088-01號,,118/12/03
F07B3749,新北市,偉勝橡膠實業有限公司,新北市樹林區北園里西圳街二段三四號,M01,M01 - 其他橡膠製品製造程序,操作,新北市環操證字第F2196-00號,,117/12/19
F07B3759,新北市,長庚國際能源股份有限公司樹林廠,新北市樹林區東山里味王街五五號一、二樓,M01,M01 - 其他電池製造程序,設置,新北市環設證字第F1148-02號,,119/05/11
F07B3868,新北市,廣德隆食品股份有限公司,新北市樹林區東園里柑園街一段一九二號,M01,M01 - 其他食品製造程序,操作,新北市環操證字第F2064-02號,,119/09/09
F07B3907,新北市,源彰企業有限公司,新北市樹林區柑園里柑園街二段三七八巷一四號,M01,M01 - 工業用橡膠製品製造程序,操作,新北市環操證字第F2068-01號,,119/10/03
F07B3967,新北市,岳騰興業股份有限公司,新北市樹林區彭厝里八德街二二六號,M01,M01 - 塗料製造程序,操作,新北市環操證字第F2153-01號,,117/02/21
F07B4024,新北市,僑營橡膠工業股份有限公司,新北市樹林區南園里佳園路三段九九巷一一號一樓,M01,M01 - 其他橡膠製品製造程序,操作,新北市環操證字第F2070-01號,,119/10/26
F07B4183,新北市,吉米地食品有限公司樹林廠,新北市樹林區三龍里三龍街一二四號一樓,M01,M01 - 其他食品製造程序,設置,新北市環設證字第F1327-00號,,118/06/12
F07B4896,新北市,台箔科技股份有限公司,新北市樹林區寶園街八之二號,M01,M01 - 凹版印刷作業程序,操作,新北市環操證字第F2135-00號,,116/10/19
F07B4965,新北市,鋒美食品實業有限公司,新北市樹林區彭厝里東豐街四九巷二二弄二三號,M01,M01 - 其他食品製造程序,操作,新北市環操證字第F2116-00號,,116/02/28
F07B5042,新北市,喬彤企業有限公司,新北市樹林區東園里柑園街一段六五巷五三號一樓,M01,M01 - 押出成型程序,操作,新北市環操證字第F2124-01號,,116/07/05
F07B5092,新北市,台灣大車隊股份有限公司樹林廠,新北市樹林區金寮里武林街一八號,M01,M01 - 織物乾洗作業程序,操作,新北市環操證字第F2131-00號,,116/09/05
F07B5230,新北市,御瀧食品企業有限公司,新北市樹林區三俊街一三五巷二四號一樓,M01,M01 - 其他食品製造程序,操作,新北市環操證字第F2149-00號,,117/02/08
F07B5260,新北市,南亞電路板股份有限公司樹林一廠,新北市樹林區東山里味王街五七號,M01,M01 - 印刷電路板製造程序,操作,新北市環操證字第F2146-01號,,117/01/12
F07B5755,新北市,巍巍有限公司,新北市樹林區東山里東順街六○巷六號一樓,M01,M01 - 塗料製造程序,操作,新北市環操證字第F2145-00號,,117/01/12
F07B5943,新北市,昱豐科技紡織有限公司,新北市樹林區金寮里樹潭街一○之九號、一○之一一號,M01,M01 - 印染整理程序,操作,新北市環操證字第F2125-01號,,116/07/19
F07B6070,新北市,四季齋食品有限公司樹林廠,新北市樹林區中山路二段一五一巷一四弄二三號,M01,M01 - 其他食品製造程序,操作,新北市環操證字第F2154-00號,,117/02/29
F07B6218,新北市,焌峰工業有限公司,新北市樹林區北園里佳園路二段一五巷一三號,M01,M01 - 鋁鑄造製造程序,操作,新北市環操證字第F2129-00號,,116/08/29
F07B6298,新北市,永新圖染工業股份有限公司樹林廠,新北市樹林區東山里味王街一號一樓,M01,M01 - 凹版印刷作業程序,操作,新北市環操證字第F2140-00號,,116/12/11
F07B6377,新北市,尚質實業有限公司三龍廠,新北市樹林區三龍里三龍街四五巷一號,M01,M01 - 印刷電路板製造程序,設置,新北市環設證字第F1319-00號,,118/03/07
F07B6515,新北市,賽門鄧普拉食品有限公司,新北市樹林區圳生里俊興街二二四巷一、三號一樓,M01,M01 - 其他食品製造程序,操作,新北市環操證字第F2189-00號,,117/11/15
F07B6575,新北市,中昱工程有限公司,新北市樹林區中正路四三三之二號,M01,M01 - 混凝土拌合程序,設置,新北市環設證字第F1265-00號,,117/01/30
F07B6713,新北市,鴻宇塗料有限公司,新北市樹林區三多里俊興街二一一巷一九號,M01,M01 - 印刷油墨化學原料製造程序,操作,新北市環操證字第F2201-00號,,118/01/11
F07B6812,新北市,鑫誠工業有限公司,新北市樹林區三多里三俊街九○巷五六弄一號,M01,M01 - 金屬電鍍處理程序,操作,新北市環操證字第F2228-00號,,118/11/25
F07B7018,新北市,冠福印染股份有限公司,新北市樹林區三多里中正路五五六巷六號,M01,M01 - 凹版印刷作業程序,操作,新北市環操證字第F2197-00號,,117/12/21
F07B7216,新北市,丹鐠實業有限公司,新北市樹林區圳生里俊安街二四巷一○弄八號一樓,M01,M01 - 其他食品製造程序,操作,新北市環操證字第F2208-01號,,118/02/25
F07B7484,新北市,𨥭晟實業股份有限公司,新北市樹林區彭厝里東豐街七三號,M01,M01 - 鋅合金壓鑄件製造程序,操作,新北市環操證字第F2227-00號,,118/11/24
F07B7494,新北市,大于企業股份有限公司俊安廠,新北市樹林區圳生里俊安街三號,M01,M01 - 其他電線及電纜（含光纖電纜）製造程序,設置,新北市環設證字第F1360-00號,,118/12/22
F07B7622,新北市,幸孚預拌混凝土廠股份有限公司樹林廠,新北市樹林區三角埔段○四七○之○○○一地號,M01,M01 - 混凝土拌合程序,設置,新北市環設證字第F1335-00號,,118/07/30
F07B8373,新北市,壹葉企業有限公司,新北市樹林區東順街七二號,M01,M01 - 油漆化學製造程序,設置,新北市環設證字第F1378-00號,,119/11/02
F07B8749,新北市,鈞唯金屬有限公司,新北市樹林區三多里中正路五○八號,M01,M01 - 鋁鑄造製造程序,設置,新北市環設證字第F1372-00號,,119/07/30
F0200335,新北市,茂森木業股份有限公司,新北市三重區大有里中正北路五六○巷四九號,M02,M02 - 合板製品製造程序,操作,新北市環操證字第F0686-12號,,118/10/01
F0200399,新北市,寶群紙器股份有限公司,新北市三重區谷王里五谷王北街六六巷四五號,M01,M01 - 鍋爐蒸氣產生程序,操作,新北市環操證字第F0681-09號,,117/06/13
F0201172,新北市,璟鋒紙業股份有限公司,新北市三重區德厚里後埔街八○號,M03,M03 - 鍋爐蒸氣產生程序,操作,新北市環操證字第F0816-06號,,116/09/16
F0201387,新北市,勤宗電鍍工業股份有限公司,新北市三重區國道路一段六一、六二號,M01,M01 - 金屬電鍍處理程序,操作,新北市環操證字第F0860-05號,,116/03/14
F0201396,新北市,福昇鍍金工業股份有限公司,新北市三重區頂崁里中興北街一六○巷三○號,M01,M01 - 金屬電鍍處理程序,操作,新北市環操證字第F1125-07號,,119/01/20
F0201485,新北市,宏進電子工業有限公司,新北市三重區中興里光復路一段三○巷八號,M01,M01 - 印刷電路板製造程序,操作,新北市環操證字第F0340-07號,,117/09/15
F0201565,新北市,秋棠企業股份有限公司,新北市三重區永發里大勇街八二巷二六弄二八、三○、三二號,M01,M01 - 金屬電鍍處理程序,操作,新北市環操證字第F0842-06號,,116/12/19
F0202008,新北市,順世企業有限公司,新北市三重區中興北街一○四巷一二號,M01,M01 - 金屬電鍍處理程序,操作,新北市環操證字第F0862-06號,,117/12/02
F0202035,新北市,可豐工業有限公司,新北市三重區中興里中興南街二九之五號,M01,M01 - 其他金屬品處理加工程序,操作,新北市環操證字第F0898-05號,,115/05/09
F0204584,新北市,復盛股份有限公司三重工廠,新北市三重區頂崁里光復路二段六○號,M01,M01 - 金屬表面塗裝程序,操作,新北市環操證字第F0800-08號,,118/04/01
F0206506,新北市,祥楠興業有限公司,新北市三重區頂崁里中興北街二○四巷二六號一樓,M01,M01 - 金屬電鍍處理程序,操作,新北市環操證字第F1669-03號,,117/01/09
F0211847,新北市,富源環保科技股份有限公司,新北市三重區頂崁里中興北街二四七巷一號,M01,M01 - 使用熱處理法處理有害事業廢棄物製造程序,操作,新北市環操證字第F1842-03號,,116/09/19
F0212415,新北市,大禧工業股份有限公司光復廠,新北市三重區中興里光復路二段三六號,M01,M01 - 印刷電路板製造程序,操作,新北市環操證字第F1670-07號,,118/03/10
F02A3272,新北市,台灣莫仕股份有限公司三重分公司(三重廠),新北市三重區中興里中興北街四四號一、二、三、四、六樓,M01,M01 - 印刷電路板製造程序,操作,新北市環操證字第F1799-04號,,117/03/28
F02B0899,新北市,新北食品股份有限公司,新北市三重區永發里國道路一段五九號,M01,M01 - 其他食品製造程序,操作,新北市環操證字第F2248-00號,,119/05/05
F02B4386,新北市,東坤國際實業有限公司,新北市三重區頂崁里光復路二段一八八號一、二樓,M01,M01 - 其他食品製造程序,設置,新北市環設證字第F1370-00號,,119/07/14
F02B5007,新北市,統鮮美食股份有限公司,新北市三重區頂崁里中興北街一三六巷一八弄一八號一、二樓,M01,M01 - 其他食品製造程序,操作,新北市環操證字第F2260-00號,,119/09/01
F02B5087,新北市,中精壓鑄股份有限公司三重廠,新北市三重區頂崁里光復路二段七四號,M01,M01 - 鋁鑄造製造程序,操作,新北市環操證字第F2023-02號,,118/01/21
F02C5549,新北市,竹根有限公司國道廠,新北市三重區永發里國道路一段五八巷一八號,M01,M01 - 其他玻璃及其製品製造程序,設置,新北市環設證字第F1344-00號,,118/10/15
F02C6646,新北市,家氏滷國際有限公司三重廠,新北市三重區頂崁里光復路二段一二九巷四號、四號二樓、四號三樓,M01,M01 - 其他食品製造程序,設置,新北市環設證字第F1377-00號,,119/11/03
F0600433,新北市,同院鑄造工廠股份有限公司,新北市新莊區頭前里化成路三二五巷一七號,M01,M01 - 鋼鑄造程序,操作,新北市環操證字第F0095-07號,,119/08/26
F0600684,新北市,台灣銘板股份有限公司,新北市新莊區西盛里新樹路二○六巷一五號,M01,M01 - 網版印刷作業程序,操作,新北市環操證字第F1889-05號,,116/12/19
F0601118,新北市,遠東乾燥股份有限公司,新北市新莊區西盛里新樹路三三三巷七號,M01,M01 - 飼料製造程序,操作,新北市環操證字第F1760-03號,,119/02/17
F0601145,新北市,新錏企業股份有限公司,新北市新莊區丹鳳里壽山路一七八號一樓,M01,M01 - 其他金屬二級熔煉製造程序,操作,新北市環操證字第F0047-10號,,116/05/08
F0601341,新北市,良府鑄造有限公司,新北市新莊區西盛里環漢路三段 五二六號,M01,M01 - 鋁鑄造製造程序,操作,新北市環操證字第F1867-04號,,116/03/18
F0601707,新北市,廣達香食品股份有限公司,新北市新莊區頭前里化成路三八二巷一八號,M01,M01 - 鍋爐蒸氣產生程序,操作,新北市環操證字第F0674-07號,,119/01/20
F0601734,新北市,亞力電機股份有限公司新莊廠,新北市新莊區西盛里瓊林南路三一七號、新樹路六四五號,M01,M01 - 鋁鑄造製造程序,操作,新北市環操證字第F0142-06號,,116/01/04
F0601752,新北市,華新麗華股份有限公司新莊一廠,新北市新莊區西盛里新樹路三九七號,M04,M04 - 鍋爐蒸氣產生程序; M05 - 塑膠電線電纜製造程序,操作,新北市環操證字第F0210-12號; 新北市環操證字第F2005-03號,,119/03/28
F0601789,新北市,臺灣湯淺電池股份有限公司,新北市新莊區福營里福營路二二七巷一一號,M01,M01 - 鉛蓄電池製造之極板製造程序; M02 - 鉛蓄電池製造之組立程序,操作,新北市環操證字第F0345-07號; 新北市環操證字第F0346-07號,,115/12/30
F0602071,新北市,友煒企業有限公司,新北市新莊區西盛里新樹路二六八巷二六號之七之八,M01,M01 - 金屬電鍍處理程序,操作,新北市環操證字第F1042-07號,,115/05/03
F0602446,新北市,衛生福利部臺北醫院,新北市新莊區思源路一二七號、長青街六號二樓、三樓,M01,M01 - 鍋爐蒸氣產生程序,操作,新北市環操證字第F0465-12號,,117/04/11
F0602455,新北市,燿煒實業有限公司,新北市新莊區思源里思源路六一巷六、八號,M01,M01 - 印刷電路板製造程序,操作,新北市環操證字第F1906-03號,,119/05/30
F0602535,新北市,中華電線電纜股份有限公司,新北市新莊區新樹路二九○號,M01,M01 - 鋁鑄造製造程序; M03 - 押出成型程序,操作,新北市環操證字第F0188-08號; 新北市環操證字第F1961-03號,,116/01/08
F0602660,新北市,煜峰企業股份有限公司,新北市新莊區福營里福營路一六五巷四九弄六號,M01,M01 - 電鍍製造程序,操作,新北市環操證字第F2236-01號,,119/01/14
F0602937,新北市,尚樺電鍍有限公司,新北市新莊區頭前里化成路七三六巷二八號,M01,M01 - 金屬電鍍處理程序,操作,新北市環操證字第F1302-05號,,116/04/24
F0603194,新北市,庚瑩工業有限公司,新北市新莊區國泰里新樹路六九之六五號,M01,M01 - 金屬電鍍處理程序,操作,新北市環操證字第F0692-07號,,120/01/11
F0603390,新北市,國豐造漆有限公司,新北市新莊區後港一路一八五號,M01,M01 - 塗料製造程序; M03 - 其他化學製品製造程序,操作,新北市環操證字第F0330-06號; 新北市環操證字第F0332-06號,,117/03/05
F0603612,新北市,星晨電路股份有限公司,新北市新莊區西盛里瓊林南路二七五巷一○號,M01,M01 - 印刷電路板製造程序,操作,新北市環操證字第F1560-06號,,116/05/05
F0603621,新北市,九富企業有限公司,新北市新莊區西盛里新樹路四九七巷一三弄二一號,M01,M01 - 其他清潔用品製造程序,設置,新北市環設證字第F1368-00號,,119/05/05
F0603809,新北市,晟鈦股份有限公司,新北市新莊區西盛里瓊林南路三○五巷二、四、六號及三○七、三○九、三一一、三一三號,M01,M01 - 印刷電路板製造程序,操作,新北市環操證字第F0337-10號,,119/07/20
F0605134,新北市,一詮精密工業股份有限公司二廠,新北市新莊區五工五路一七、一九號,M01,M01 - 金屬電鍍處理程序,操作,新北市環操證字第F0943-06號,,119/06/14
F0605652,新北市,泰棧彩色印刷廠,新北市新莊區建國二路八六巷一七號,M01,M01 - 凹版印刷作業程序,操作,新北市環操證字第F0416-07號,,118/04/28
F0605723,新北市,九皇有限公司,新北市新莊區西盛里新樹路三一五巷一四號,M01,M01 - 印染整理程序; M02 - 鍋爐蒸氣產生程序,操作,新北市環操證字第F1692-05號; 新北市環操證字第F1204-06號,,116/09/05
F0606104,新北市,東誠電線電纜股份有限公司,新北市新莊區西盛里瓊林南路二三九號,M01,M01 - 漆包線製造程序,操作,新北市環操證字第F0782-09號,,119/07/06
F0606131,新北市,芳福企業有限公司,新北市新莊區福基里化成路三七五巷三五、三七號,M01,M01 - 動物油處理製造程序,操作,新北市環操證字第F0677-09號,,116/08/21
F0610706,新北市,協熱工業股份有限公司,新北市新莊區福基里化成路四三一巷六九號,M01,M01 - 其他金屬熱處理程序,操作,新北市環操證字第F2045-04號,,119/01/13
F0610733,新北市,鼎祐電子工業股份有限公司新莊二廠,新北市新莊區西盛里新樹路三一五巷一三號,M01,M01 - 印刷電路板製造程序,操作,新北市環操證字第F1501-07號,,117/08/29
F0620088,新北市,三菘企業股份有限公司新莊廠,新北市新莊區西盛里瓊林南路二六五號,M01,M01 - 其他化學材料製造業製造程序,操作,新北市環操證字第F1623-05號,,115/10/22
F0620597,新北市,泰菁電子科技股份有限公司新莊廠,新北市新莊區福營里福營路二五三號二樓,M01,M01 - 印刷電路板製造程序,操作,新北市環操證字第F1631-04號,,118/08/10
F0620604,新北市,金瑚表面處理有限公司,新北市新莊區化成里化成路一一巷二七、二九號,M01,M01 - 其他金屬品處理加工程序,操作,新北市環操證字第F1609-03號,,115/03/08
F0622199,新北市,永坤科技股份有限公司,新北市新莊區福營里福營路二二七巷五五號,M01,M01 - 電鍍製造程序,操作,新北市環操證字第F0755-07號,,119/02/17
F0622537,新北市,九滎股份有限公司瓊林廠,新北市新莊區西盛里瓊林南路三○一巷二號,M02,M02 - 印染整理程序; M03 - 熱媒加熱程序,操作,新北市環操證字第F1539-07號; 新北市環操證字第F1634-05號,,119/04/19
F0622582,新北市,鼎恩企業股份有限公司,新北市新莊區西盛里新樹路三八七巷五、七、九號,M01,M01 - 印刷電路板製造程序,操作,新北市環操證字第F1545-07號,,115/04/23
F0623409,新北市,立方橡膠工業股份有限公司,新北市新莊區中正路五四四之七號一樓,M01,M01 - 其他橡膠製品製造程序,操作,新北市環操證字第F2093-00號,,115/07/22
F0626277,新北市,宏耀實業有限公司,新北市新莊區西盛里新樹路二九三巷六號,M01,M01 - 印刷電路板製造程序,操作,新北市環操證字第F1707-04號,,118/03/04
F0626473,新北市,裕信汽車股份有限公司,新北市新莊區思源路四○之一號,M01,M01 - 金屬表面塗裝程序,操作,新北市環操證字第F1744-07號,,118/11/04
F06A0634,新北市,鉅威彩藝印刷事業有限公司,新北市新莊區化成里化成路一一三巷一七號一樓,M01,M01 - 平版印刷作業程序,操作,新北市環操證字第F2059-01號,,119/07/20
F06A1840,新北市,珈晟科技有限公司,新北市新莊區西盛里民安路四二○巷八號、一○號,M01,M01 - 印刷電路板製造程序,操作,新北市環操證字第F1732-03號,,119/11/02
F06A2353,新北市,相互股份有限公司,新北市新莊區化成路一九五巷二五號,M01,M01 - 印刷電路板製造程序,設置,新北市環設證字第F1375-00號,,119/09/22
F06A2581,新北市,皓智企業股份有限公司,新北市新莊區福興里五權二路二六號四樓之一,M01,M01 - 其他電子零組件製造程序,操作,新北市環操證字第F1749-04號,,118/09/16
F06A2630,新北市,子緯有限公司,新北市新莊區頭前里化成路二一一巷二八號,M01,M01 - 印染整理程序,操作,新北市環操證字第F1781-03號,,119/08/24
F06A3747,新北市,頂晟塑膠有限公司,新北市新莊區西盛里新樹路三一三號一樓,M01,M01 - 押出成型程序,操作,新北市環操證字第F1780-03號,,119/11/03
F06A4032,新北市,元茂熱處理工業有限公司,新北市新莊區化成路一九五巷一三號一樓,M01,M01 - 其他金屬熱處理程序,操作,新北市環操證字第F1893-03號,,118/07/22
F06A5040,新北市,特異有限公司,新北市新莊區民安路四二○巷四號一、二樓,M01,M01 - 其他金屬表面處理程序,操作,新北市環操證字第F1828-03號,,118/04/11
F06B0116,新北市,三崙實業股份有限公司,新北市新莊區西盛里環漢路三段 五二七號一、二樓,M01,M01 - 鋁鑄造製造程序,操作,新北市環操證字第F2100-00號,,115/09/08
F06B2093,新北市,信鍇實業股份有限公司第1廠,新北市新莊區建安里建國二路九九號,M01,M01 - 鋅壓鑄件製造程序,操作,新北市環操證字第F2214-00號,,118/04/14
F06B3803,新北市,上將食品有限公司,新北市新莊區頭前里幸福東路八六號一、二、三樓、九○號、九二號,M01,M01 - 其他食品製造程序,操作,新北市環操證字第F2010-03號,,118/12/21
F06C0866,新北市,東方國際塗料股份有限公司,新北市新莊區西盛里民安西路四六○巷二○號一樓,M01,M01 - 油漆化學製造程序,操作,新北市環操證字第F2039-01號,,118/11/19
F06C1626,新北市,釗揚有限公司一廠,新北市新莊區西盛里民安路四二○巷二三號一樓,M01,M01 - 塑膠品塗裝程序,操作,新北市環操證字第F2264-00號,,119/10/08
F06C2931,新北市,鈺彩企業股份有限公司,新北市新莊區頭前里化成路二一一巷二二號二樓,M01,M01 - 化粧品製造程序,操作,新北市環操證字第F2090-00號,,115/06/02
F06C3256,新北市,荷旺企業有限公司(新莊廠),新北市新莊區西盛里新樹路五○一號,M01,M01 - 其他食品製造程序,操作,新北市環操證字第F2118-00號,,116/03/28
F06C4105,新北市,皇盛科技股份有限公司,新北市新莊區西盛里新樹路三三三巷一八號之一,M01,M01 - 塑膠品塗裝程序,操作,新北市環操證字第F2104-00號,,115/11/18
F06C6210,新北市,隆健有限公司,新北市新莊區西盛里瓊林南路一八七巷二二號(一、二、三、四樓),M01,M01 - 其他金屬表面處理程序,操作,新北市環操證字第F2165-00號,,117/04/16
F06C6290,新北市,嘉鴻企業有限公司,新北市新莊區西盛里瓊林南路一八七巷四八號,M01,M01 - 金屬電鍍處理程序,操作,新北市環操證字第F2192-01號,,117/12/07
F06C6349,新北市,元和工業股份有限公司,新北市新莊區瓊林里瓊林南路一○三巷六號一樓,M01,M01 - 鋁鑄造製造程序,操作,新北市環操證字第F2198-01號,,117/12/21
F06C7703,新北市,飛瑞工業有限公司,新北市新莊區西盛里民安路三八七巷六號一、二、三樓,M01,M01 - 非鐵金屬製品鑄造程序,操作,新北市環操證字第F2194-00號,,117/12/18
F06C8830,新北市,千友企業有限公司第二廠,新北市新莊區建安里建國二路八三號之二二(一、二、三、四樓),M01,M01 - 印刷電路板製造程序,操作,新北市環操證字第F2239-00號,,119/01/22
F06C9204,新北市,鈦生利企業有限公司(一廠),新北市新莊區福興里五權二路二二號七樓之六,M01,M01 - 其他清潔用品製造程序,設置,新北市環設證字第F1369-00號,,119/06/01
F06C9511,新北市,鈦吉精密有限公司,新北市新莊區西盛里瓊林南路一八七巷四六號,M01,M01 - 金屬電鍍處理程序,操作,新北市環操證字第F2254-00號,,119/07/22
F06D0110,新北市,冠閎實業有限公司,新北市新莊區頭前里化成路二六七巷三一號一樓,M01,M01 - 飼料製造程序,操作,新北市環操證字第F2256-00號,,119/08/07
F0900045,新北市,東周化學工業股份有限公司,新北市三峽區添福里添福五九之三號,M01,M01 - 油漆化學製造程序,操作,新北市環操證字第F0386-08號,,117/10/12
F0900125,新北市,合興電線電纜股份有限公司,新北市三峽區溪北里介壽路三段一二四、一二四之二號一、二、三樓,M02,M02 - 金屬線製品製造程序,操作,新北市環操證字第F1395-04號,,116/06/20
F0900198,新北市,榮達鑄造有限公司,新北市三峽區二鬮里中正路三段一七六號,M01,M01 - 灰鐵鑄造程序,操作,新北市環操證字第F1180-08號,,117/10/28
F0900385,新北市,福華電子股份有限公司三峽廠,新北市三峽區中正里中正路一段三九三號,M01,M01 - 其他被動電子元件製造程序,操作,新北市環操證字第F1671-03號,,120/01/16
F0900410,新北市,大同股份有限公司三峽廠,新北市三峽區溪東里溪東路三五二號,M01,M01 - 灰鐵鑄造程序; M41 - 鋁鑄造製造程序; M42 - 金屬噴磨（噴砂）處理程序; M59 - 金屬表面塗裝程序; M61 - 金屬表面塗裝程序; M65 - 鋁鑄造製造程序,操作,新北市環操證字第F0046-13號; 新北市環操證字第F0694-09號; 新北市環操證字第F0695-09號; 新北市環操證字第F1966-07號; 新北市環操證字第F0747-10號; 新北市環操證字第F0751-08號,,119/03/02
F0900429,新北市,承德油脂股份有限公司,新北市三峽區添福里添福一二、一二之一號,M04,M04 - 其他酯類化學製造程序,操作及燃料,新北市環操證字第F1619-06號; 											(新北市燃使證字第F013-02號),,119/08/18
F0900670,新北市,德侑股份有限公司,新北市三峽區溪東路三三八巷一、三六號,M02,M02 - 布疋貼合加工程序; M03 - 印染整理程序,操作,新北市環操證字第F1965-02號; 新北市環操證字第F2008-03號,,117/09/10
F0900741,新北市,國家中山科學研究院系統製造中心,新北市三峽區中正路三段一號,M02,M02 - 鍋爐蒸氣產生程序,操作,新北市環操證字第F1072-07號,,117/03/03
F0900929,新北市,銀隆化工股份有限公司三峽廠,新北市三峽區成福里成福路一○五巷九號,M01,M01 - 界面活性劑化學製造程序,操作,新北市環操證字第F1865-04號,,118/03/10
F0900983,新北市,裕成工業股份有限公司第一工廠,新北市三峽區介壽路三段二三五巷五號,M01,M01 - 混凝土拌合程序,操作,新北市環操證字第F0773-08號,,119/03/07
F0901159,新北市,松益化工股份有限公司,新北市三峽區添福里添福四八之一號,M01,M01 - 鍋爐蒸氣產生程序; M02 - 其他基本化學材料製造程序,操作,新北市環操證字第F0027-10號; 新北市環操證字第F1575-08號,,119/02/17
F0901355,新北市,合興預拌混凝土股份有限公司預拌廠,新北市三峽區二鬮里中正路三段一九六號,M01,M01 - 混凝土拌合程序; M02 - 堆置場作業程序,操作,新北市環操證字第F1443-08號; 新北市環操證字第F1568-07號,,119/09/19
F0901613,新北市,富吉炭素股份有限公司,新北市三峽區中正里正義街一五一號,M01,M01 - 粉末冶金程序,操作,新北市環操證字第F0443-13號,,117/12/16
F0901828,新北市,共益水泥製品廠,新北市三峽區溪北里介壽路三段一五四號,M01,M01 - 水泥製品製造程序,操作,新北市環操證字第F1148-06號,,119/08/01
F0901908,新北市,永明水泥製品廠股份有限公司,新北市三峽區龍福段二二六之一地號,M03,M03 - 混凝土拌合程序,操作,新北市環操證字第F1997-04號,,118/10/01
F0902012,新北市,蘭陽開發工業股份有限公司,新北市三峽區嘉添里白雞五五之一號,M03,M03 - 鍋爐蒸氣產生程序,操作及燃料,新北市環操證字第F1754-04號; 											(新北市燃使證字第F008-01號),,114/12/21
F0902183,新北市,鈜源精密工業股份有限公司,新北市三峽區添福里添福五九號之五,M01,M01 - 鋅合金壓鑄件製造程序,操作,新北市環操證字第F2182-00號,,117/09/04
F0902843,新北市,美盛堂化工有限公司,新北市三峽區嘉添里白雞六四之一一號,M01,M01 - 皂膏製造程序,操作,新北市環操證字第F1837-03號,,116/11/06
F0905139,新北市,強志實業有限公司,新北市三峽區成福里成福路一○五巷一七號,M01,M01 - 其他合成樹脂或塑膠製造程序,操作,新北市環操證字第F2143-01號,,117/01/04
F0905460,新北市,裕成工業股份有限公司第三工廠,新北市三峽區溪北里溪北段一○七三、一○七五、一○八○、一○八五地號（聯絡地址：新北市三峽區介壽路三段二三五巷七號,M01,M01 - 堆置場作業程序,操作,新北市環操證字第F1541-05號,,117/06/20
F0905568,新北市,海山精密工業股份有限公司三峽廠,新北市三峽區添福里添福五九之六號,M01,M01 - 鋼鑄造程序,操作,新北市環操證字第F2155-01號,,117/03/01
F0905602,新北市,捷美企業有限公司二廠,新北市三峽區溪東里溪東路三一五巷三弄一九號一樓,M01,M01 - 印刷油墨化學原料製造程序,操作,新北市環操證字第F1592-06號,,116/09/19
F0905611,新北市,嘉聖金屬有限公司三峽廠,新北市三峽區二鬮里中正路三段一七六號,M01,M01 - 灰鐵鑄造程序,操作,新北市環操證字第F1612-04號,,115/05/11
F0905719,新北市,亞暉企業股份有限公司,新北市三峽區龍埔里三樹路二七四號、二七六號、二七八號,M01,M01 - 工業用橡膠製品製造程序,操作,新北市環操證字第F2083-00號,,115/03/24
F09A0362,新北市,全新包裝工業股份有限公司,新北市三峽區大埔里大埔路三三巷七號,M01,M01 - 膠帶業製造,操作,新北市環操證字第F1672-08號,,119/03/09
F09A0401,新北市,磬豐國際股份有限公司三峽廠,新北市三峽區溪北里介壽路三段二三三巷二之一號,M01,M01 - 混凝土拌合程序,操作,新北市環操證字第F1720-06號,,118/12/02
F09A1459,新北市,兆鴻印刷科技有限公司三峽廠,新北市三峽區添福里添福一四之三八號,M01,M01 - 平版印刷作業程序,操作,新北市環操證字第F1759-04號,,119/07/21
F09A1528,新北市,岳峰精密化學股份有限公司橫溪廠,新北市三峽區成福路一○五巷三六號一樓,M01,M01 - 塗料製造程序,操作,新北市環操證字第F2130-01號,,116/09/01
F09A1677,新北市,聯佶實業股份有限公司三峽廠,新北市三峽區成福里成福段小暗坑小段六三四地號,M01,M01 - 混凝土拌合程序,操作,新北市環操證字第F1789-04號,,119/05/03
F09A2021,新北市,廣鑫科技股份有限公司,新北市三峽區添福里添福五九之三號二樓,M01,M01 - 印刷油墨化學原料製造程序,操作,新北市環操證字第F2033-01號,,118/07/16
F09A3148,新北市,宗記營建剩餘土石方資源處理場,新北市三峽區溪北段○八八三、○八八四、○八九八、○九○二、○九一三、○九一四、○九一七、○九一八、○九一九、○九二八、○九二九、○九三○、○九三一、○九三二、○九三三、○九三四、○九三五、○九三六、○九三七、○九三八及○九三九地號等二一筆土地,M01,M01 - 堆置場作業程序,操作,新北市環操證字第F1926-05號,,115/10/04
F09A3257,新北市,協利泡綿有限公司,新北市三峽區竹崙里紫新路二六巷一一號,M01,M01 - 其他合成樹脂或塑膠製造程序,操作,新北市環操證字第F2174-00號,,117/06/19
F09A3663,新北市,泉碩科技股份有限公司,新北市三峽區添福七號,M01,M01 - 其他塑膠製品製造程序,操作,新北市環操證字第F1934-02號,,115/03/16
F09A5352,新北市,一禾泰興業有限公司,新北市三峽區成福里成福路一○五巷二九號,M01,M01 - 動物油處理製造程序,操作,新北市環操證字第F1975-01號,,116/06/12
F09A5659,新北市,寰冠科技股份有限公司,新北市三峽區安坑里安坑七○之二號,M01,M01 - 混凝土拌合程序,操作,新北市環操證字第F1973-03號,,118/12/21
F09A8089,新北市,永瀚金屬有限公司,新北市三峽區大埔里中園街一○四之五號一樓,M01,M01 - 其他基本金屬鑄造製造程序,操作,新北市環操證字第F2055-01號,,119/06/21
F09A9304,新北市,欣鉅興科技股份有限公司,新北市三峽區介壽里介壽路一段四一二巷一九號一、二、三樓,M01,M01 - 印刷電路板製造程序,操作,新北市環操證字第F2181-01號,,117/08/10
F09A9780,新北市,聯雅工業股份有限公司,新北市三峽區溪北里橫溪路九七號、九七之一號一樓,M01,M01 - 其他橡膠製品製造程序,操作,新北市環操證字第F2177-00號,,117/07/12
F09A9839,新北市,新北市有機廢棄物集中處理再利用廠,新北市三峽區山員潭子段六一之九地號,M01,M01 - 廢棄物熱處理（焚化處理除外）程序,操作,新北市環操證字第F2234-00號,,119/01/02
F09A9928,新北市,東徽有限公司,新北市三峽區成福里成福路一○五巷一○號一樓,M01,M01 - 其他橡膠製品製造程序,設置,新北市環設證字第F1272-00號,,117/03/09
F09B0171,新北市,丹露有限公司,新北市三峽區介壽里介壽路一段四二○巷一二號一樓,M01,M01 - 其他食品製造程序,設置,新北市環設證字第F1313-00號,,117/11/29
F0101695,新北市,雄獅鉛筆廠股份有限公司,新北市板橋區長安里中山路一段一八六號,M02,M02 - 木製品塗裝程序,操作,新北市環操證字第F0401-08號,,117/06/10
F0106350,新北市,伍弘實業有限公司,新北市板橋區成和里大觀路三段三六巷八九弄八號,M01,M01 - 飼料製造程序,操作,新北市環操證字第F1276-08號,,119/02/19
F01B9935,新北市,益同商行,新北市板橋區浮洲里大觀路一段二八巷一○八之一號一樓,M01,M01 - 動物油處理製造程序,操作,新北市環操證字第F1989-02號,,115/02/21
F01C8875,新北市,鴻福食品工廠有限公司,新北市板橋區金門街三六九巷六三之一號(前段),M01,M01 - 其他食品製造程序,操作,新北市環操證字第F2097-00號,,115/09/16
F0800111,新北市,六志工業股份有限公司,新北市鶯歌區甲三街一七號,M01,M01 - 陶土／黏土加工處理程序; M02 - 陶瓷製品乾式成型製造程序,操作,新北市環操證字第F0068-08號; 新北市環操證字第F1346-07號,,118/01/23
F0800193,新北市,三友陶磁股份有限公司大湖廠,新北市鶯歌區中湖里大湖路一三五、一三七號,M01,M01 - 陶瓷製品濕式成型製造程序,操作,新北市環操證字第F0180-07號,,119/09/21
F0800264,新北市,五福窯業有限公司,新北市鶯歌區大湖里大湖路八五巷二號,M01,M01 - 陶瓷製品濕式成型製造程序,操作,新北市環操證字第F0335-06號,,116/09/20
F0800317,新北市,中國砂輪企業股份有限公司鶯歌廠,新北市鶯歌區中山路六四號,M01,M01 - 陶瓷製品乾式成型製造程序,操作,新北市環操證字第F0279-12號,,119/10/26
F0800344,新北市,大千瀝青拌合廠股份有限公司,新北市鶯歌區建德里中正一路阿四巷四之二號,M01,M01 - 瀝青混凝土製造程序,操作,新北市環操證字第F0044-08號,,116/07/06
F0800353,新北市,大山瀝青拌合廠股份有限公司,新北市鶯歌區中正一路阿四巷五號,M01,M01 - 瀝青混凝土製造程序; M02 - 堆置場作業程序,操作,新北市環操證字第F0043-10號; 新北市環操證字第F1281-06號,,119/11/10
F0800399,新北市,協裕窯業股份有限公司,新北市鶯歌區二橋里中正三路二八二巷二○號,M01,M01 - 陶土／黏土加工處理程序; M02 - 陶瓷製品乾式成型製造程序; M03 - 其他非金屬礦物製品製造程序; M04 - 堆置場作業程序,操作,新北市環操證字第F0117-09號; 新北市環操證字第F1285-08號; 新北市環操證字第F1412-06號; 新北市環操證字第F1598-04號,,118/03/20
F0800433,新北市,福和窯業股份有限公司,新北市鶯歌區南靖里文化路三二四巷二三之一號,M01,M01 - 陶土／黏土加工處理程序,操作,新北市環操證字第F0130-08號,,116/09/16
F0800442,新北市,國聯窯業股份有限公司,新北市鶯歌區永吉里鶯桃路二八五巷三五號,M01,M01 - 陶土／黏土加工處理程序; M02 - 陶瓷製品乾式成型製造程序,操作,新北市環操證字第F0126-07號; 新北市環操證字第F1474-06號,,118/03/05
F0800586,新北市,合豐瀝青股份有限公司,新北市鶯歌區建德里中正一路阿四巷四之四號,M02,M02 - 堆置場作業程序,操作,新北市環操證字第F1488-09號,,115/08/10
F0800620,新北市,嘉寶自然工業股份有限公司鶯桃廠,新北市鶯歌區鳳鳴里福安街一號,M01,M01 - 陶瓷製品乾式成型製造程序; M02 - 有機溶劑作業程序,操作,新北市環操證字第F1636-06號; 新北市環操證字第F2087-00號,,117/01/16
F0800666,新北市,富昇塗料股份有限公司鶯歌廠,新北市鶯歌區永吉里德昌街一八七號,M01,M01 - 塗料製造程序,操作,新北市環操證字第F0376-09號,,119/01/12
F0800719,新北市,大光高級耐火廠股份有限公司,新北市鶯歌區永吉里鶯桃路二九六巷五六號,M01,M01 - 輕質耐火物製造程序,操作,新北市環操證字第F0220-11號,,119/03/30
F0800835,新北市,名坊紙業股份有限公司,新北市鶯歌區二橋里中正三路一五六巷六一號,M01,M01 - 鍋爐蒸氣產生程序,操作,新北市環操證字第F0658-06號,,119/10/26
F0800988,新北市,潮輝陶磁股份有限公司,新北市鶯歌區二橋里中正三路二八五巷二號,M01,M01 - 陶土／黏土加工處理程序; M02 - 堆置場作業程序,操作,新北市環操證字第F0030-07號; 新北市環操證字第F0691-05號,,116/11/26
F0801421,新北市,和成欣業股份有限公司二廠,新北市鶯歌區尖山里八德路一號,M01,M01 - 銅鑄造製造程序; M03 - 金屬表面研磨程序,操作,新北市環操證字第F0053-08號; 新北市環操證字第F1548-06號,,119/12/11
F0801476,新北市,三洋窯業股份有限公司第二廠,新北市鶯歌區鳳祥里鶯桃路三六五巷三九號,M01,M01 - 陶瓷製品乾式成型製造程序,操作,新北市環操證字第F0066-10號,,119/09/08
F0801485,新北市,金陶窯業股份有限公司,新北市鶯歌區中湖里大湖路一二三號,M03,M03 - 陶瓷製品乾式成型製造程序,操作,新北市環操證字第F1202-03號,,115/02/03
F0801547,新北市,福誠股份有限公司,新北市鶯歌區南靖里文化路三二四巷二三號,M01,M01 - 陶瓷製品乾式成型製造程序,操作,新北市環操證字第F0134-07號,,119/03/08
F0801583,新北市,高世紀工業股份有限公司,新北市鶯歌區八德路三之一號,M01,M01 - 陶瓷製品乾式成型製造程序,操作,新北市環操證字第F0102-10號,,118/07/08
F0801627,新北市,源生陶瓷股份有限公司,新北市鶯歌區中湖里大湖路三二三號,M01,M01 - 陶土／黏土加工處理程序; M02 - 陶瓷製品乾式成型製造程序,操作,新北市環操證字第F0081-11號; 新北市環操證字第F0888-06號,,117/08/04
F0801672,新北市,裕邦窯業股份有限公司,新北市鶯歌區尖山里八德路三之三號,M01,M01 - 陶土／黏土加工處理程序; M02 - 陶瓷製品乾式成型製造程序; M03 - 堆置場作業程序,操作,新北市環操證字第F0064-09號; 新北市環操證字第F1222-09號; 新北市環操證字第F0503-07號,,118/02/25
F0801681,新北市,宏洲窯業股份有限公司,新北市鶯歌區二橋里中正三路二三○巷一四、一四之一、一六、一八號,M01,M01 - 陶土／黏土加工處理程序,操作,新北市環操證字第F0054-06號,,116/02/27
F0801707,新北市,三洋窯業股份有限公司,新北市鶯歌區尖山里八德路一六號,M01,M01 - 陶土／黏土加工處理程序; M02 - 陶瓷製品乾式成型製造程序,操作,新北市環操證字第F0106-14號; 新北市環操證字第F1358-10號,,116/10/02
F0801743,新北市,富源磁器股份有限公司,新北市鶯歌區永昌里鶯桃路六○、六○之一號,M01,M01 - 陶土／黏土加工處理程序; M02 - 陶瓷製品乾式成型製造程序,操作,新北市環操證字第F0128-08號; 新北市環操證字第F0129-08號,,119/06/20
F0801805,新北市,忠建工業股份有限公司,新北市鶯歌區大湖里大湖路三三五號,M01,M01 - 瀝青混凝土製造程序; M03 - 堆置場作業程序,操作,新北市環操證字第F1342-09號; 新北市環操證字第F1391-04號,,119/11/16
F0801878,新北市,弘松窯業股份有限公司,新北市鶯歌區東湖里東湖路三六號,M01,M01 - 陶土／黏土加工處理程序; M03 - 陶瓷製品乾式成型製造程序,操作,新北市環操證字第F0026-15號; 新北市環操證字第F1564-12號,,117/09/23
F0801896,新北市,益邦石膏股份有限公司,新北市鶯歌區文化路六六七號,M01,M01 - 廢石膏再利用程序,操作,新北市環操證字第F1022-06號,,115/06/01
F0801949,新北市,凱洋企業股份有限公司,新北市鶯歌區二橋里中正三路三三五巷一六號,M01,M01 - 陶瓷衛浴設備製造程序,操作,新北市環操證字第F2032-02號,,118/05/19
F0802133,新北市,張瑞芳企業股份有限公司,新北市鶯歌區南靖里文化路四二七之四、之五號,M01,M01 - 陶瓷製品乾式成型製造程序,操作,新北市環操證字第F1945-04號,,115/01/14
F0802268,新北市,統帥窯業股份有限公司,新北市鶯歌區二甲里甲一街六五號,M01,M01 - 陶土／黏土加工處理程序; M03 - 陶瓷製品乾式成型製造程序,操作,新北市環操證字第F0090-09號; 新北市環操證字第F1364-07號,,118/10/01
F0802464,新北市,永晟實業股份有限公司,新北市鶯歌區北鶯里中正一路二六九巷三二號,M01,M01 - 陶瓷製品乾式成型製造程序; M02 - 陶土／黏土加工處理程序,操作,新北市環操證字第F0145-08號; 新北市環操證字第F1436-07號,,118/01/12
F0802553,新北市,全泰耐火陶瓷工業股份有限公司,新北市鶯歌區鳳鳴里永和街二○○號,M01,M01 - 陶土／黏土加工處理程序; M02 - 堆置場作業程序,操作,新北市環操證字第F0243-07號; 新北市環操證字第F1651-05號,,116/07/10
F0802704,新北市,昆成窯業股份有限公司,新北市鶯歌區北鶯里中正一路三○一之一號,M01,M01 - 工業用陶瓷製品製造程序,操作,新北市環操證字第F1542-05號,,119/05/10
F0802740,新北市,承元窯業股份有限公司,新北市鶯歌區東湖路二五號一樓,M01,M01 - 耐火磚製造程序,操作,新北市環操證字第F0277-10號,,116/07/24
F0802811,新北市,宏昌橡膠工業有限公司,新北市鶯歌區鳳鳴里福安街三四號,M01,M01 - 其他橡膠製品製造程序,操作,新北市環操證字第F1192-06號,,119/07/25
F0802857,新北市,華泰窯業股份有限公司,新北市鶯歌區東湖里東湖路一四之一號,M02,M02 - 陶土／黏土加工處理程序; M03 - 陶瓷製品乾式成型製造程序,操作,新北市環操證字第F0470-07號; 新北市環操證字第F0471-07號,,115/04/05
F0802866,新北市,隆昌窯業股份有限公司二廠,新北市鶯歌區永昌里鶯桃路四一號,M01,M01 - 陶瓷衛浴設備製造程序,操作,新北市環操證字第F2073-02號,,119/11/01
F0802884,新北市,元泰窯業股份有限公司,新北市鶯歌區八德路三之三號一樓,M01,M01 - 陶瓷製品乾式成型製造程序,操作,新北市環操證字第F0389-08號,,115/06/01
F0802946,新北市,同欣電子工業股份有限公司台北工廠,新北市鶯歌區鳳祥里鶯桃路三六五巷五五號,M01,M01 - 印刷電路板製造程序; M02 - 印刷電路板製造程序,操作,新北市環操證字第F1359-11號; 新北市環操證字第F1495-07號,,118/08/12
F0803023,新北市,良和造漆股份有限公司二廠,新北市鶯歌區二橋里中正三路二四七巷七一號,M01,M01 - 油漆化學製造程序,操作,新北市環操證字第F1566-05號,,119/10/02
F0803149,新北市,長鼎工業股份有限公司鶯歌廠,新北市鶯歌區永吉里德昌街二○一號,M01,M01 - 堆置場作業程序,操作,新北市環操證字第F1537-04號,,116/09/22
F0803201,新北市,營億膠業有限公司鶯歌廠,新北市鶯歌區中湖里大湖路一八五巷九弄六號,M01,M01 - 其他橡膠製品製造程序,操作,新北市環操證字第F2016-01號,,117/11/25
F0807870,新北市,台灣砂輪工業股份有限公司,新北市鶯歌區中湖里大湖路五六巷一六號,M01,M01 - 工業用陶瓷製品製造程序,操作,新北市環操證字第F2105-01號,,115/11/23
F0808055,新北市,訢成企業股份有限公司,新北市鶯歌區西湖街二八九巷一二號,M01,M01 - 鍋爐蒸氣產生程序; M03 - 印染整理程序,操作,新北市環操證字第F1454-05號; 新北市環操證字第F1675-05號,,117/10/22
F0808144,新北市,建輻慶企業股份有限公司,新北市鶯歌區中湖里大湖路二一二號,M01,M01 - 金屬表面塗裝程序,操作,新北市環操證字第F1350-05號,,115/05/11
F0808251,新北市,優加力實業有限公司鶯歌廠,新北市鶯歌區東湖里東湖路二四之一號,M01,M01 - 陶瓷製品乾式成型製造程序,操作,新北市環操證字第F1483-07號,,116/06/05
F0813770,新北市,鑫翔益興業股份有限公司,新北市鶯歌區鶯桃路二一五號,M01,M01 - 鍋爐蒸氣產生程序; M02 - 印染整理程序,操作,新北市環操證字第F1713-04號; 新北市環操證字第F1714-06號,,116/09/13
F0813805,新北市,福鑫興業有限公司,新北市鶯歌區二橋里中正三路二三○巷一○號,M01,M01 - 印染整理程序; M04 - 鍋爐蒸氣產生程序,操作,新北市環操證字第F1902-03號; 新北市環操證字第F1880-02號,,119/05/10
F0813850,新北市,全民企業社,新北市鶯歌區尖山里尖山堆段三五四、五八○地號,M01,M01 - 堆置場作業程序,操作,新北市環操證字第F1792-03號,,115/02/03
F0814419,新北市,廉大塑膠有限公司鶯歌廠,新北市鶯歌區中湖里大湖路一九三號,M01,M01 - 押出成型程序,操作,新北市環操證字第F1700-05號,,116/06/21
F0814491,新北市,長惟工業營建剩餘土石方資源處理場,新北市鶯歌區橋子頭三段○二七四之○○○○地號,M01,M01 - 堆置場作業程序,操作,新北市環操證字第F1606-06號,,116/04/27
F0814599,新北市,友勵企業有限公司永昌廠,新北市鶯歌區永昌里永昌街八六號,M01,M01 - 印刷電路板製造程序,操作,新北市環操證字第F1725-05號,,119/01/13
F0814777,新北市,陽光城市開發股份有限公司鶯歌廠,新北市鶯歌區二橋里中正三路一五六巷二二號,M01,M01 - 堆置場作業程序,操作,新北市環操證字第F1836-04號,,115/12/14
F0814928,新北市,金品金屬工業股份有限公司一廠,新北市鶯歌區永吉里德昌二街七二號,M01,M01 - 灰鐵鑄造程序,操作,新北市環操證字第F1701-04號,,117/03/30
F08A1395,新北市,環菖企業有限公司鶯歌廠,新北市鶯歌區鳳鳴里鳳鳴路三○號,M01,M01 - 押出成型程序,操作,新北市環操證字第F1967-01號,,116/02/20
F08A2066,新北市,台富水泥製品股份有限公司鶯歌廠,新北市鶯歌區東湖里東湖路一四號,M01,M01 - 水泥製品製造程序,操作,新北市環操證字第F1874-03號,,118/01/22
F08A3262,新北市,隆池工業股份有限公司,新北市鶯歌區二橋里中正三路一五六巷五七號,M01,M01 - 工業用陶瓷製品製造程序,操作,新北市環操證字第F1971-01號,,116/04/24
F08A3321,新北市,愛味香食品股份有限公司,新北市鶯歌區二橋里中正三路四九一巷七號,M01,M01 - 調理食品製造程序,操作,新北市環操證字第F2249-00號,,119/04/29
F08A4399,新北市,裕益磁磚企業有限公司,新北市鶯歌區中湖里大湖路八五巷六號一樓,M01,M01 - 陶瓷製品乾式成型製造程序,操作,新北市環操證字第F2101-00號,,115/09/13
F08A4517,新北市,保技鋁業股份有限公司,新北市鶯歌區二橋里中正三路二三八巷五九號一、二、三樓,M01,M01 - 鋁鑄造製造程序,操作,新北市環操證字第F1988-01號,,117/11/30
F08A5822,新北市,鑫達興業有限公司,新北市鶯歌區建德里中正一路阿四巷八號,M01,M01 - 其他耐火材料製造程序,操作,新北市環操證字第F2035-01號,,116/08/04
F08A5892,新北市,金元福包裝企業股份有限公司,新北市鶯歌區建國路三九九號一至三樓,M01,M01 - 押出成型程序,操作,新北市環操證字第F2062-01號,,119/08/30
F08A6345,新北市,世大化成股份有限公司鶯歌廠,新北市鶯歌區尖山里八德路五六號、五六號三樓、五八號、六○號,M01,M01 - 其他合成樹脂或塑膠製造程序,操作,新北市環操證字第F2232-00號,,119/01/05
F08A6692,新北市,龍達砂輪有限公司鶯歌廠,新北市鶯歌區中湖里大湖路一八五巷九弄九之一號,M01,M01 - 工業及研磨材料製造程序,操作,新北市環操證字第F2120-00號,,116/05/09
F08A6850,新北市,鋇泰電子陶瓷股份有限公司鶯歌二廠,新北市鶯歌區永昌里永昌街一○五號一樓,M01,M01 - 電阻製造程序,操作,新北市環操證字第F2079-01號,,115/02/08
F08A7907,新北市,中國砂輪企業股份有限公司大湖廠,新北市鶯歌區中湖里里大湖路余厝巷二號,M01,M01 - 其他陶瓷製品製造程序,設置,新北市環設證字第F1212-00號,,115/12/13
F08A8074,新北市,永猷股份有限公司二廠,新北市鶯歌區鳳鳴里鶯桃路六五八巷四九號,M01,M01 - 不織布製造程序,操作,新北市環操證字第F2127-00號,,116/08/08
F08A8183,新北市,馥華食品有限公司,新北市鶯歌區南靖里環河路七五號一至三樓、七七號一樓,M01,M01 - 其他食品製造程序,操作,新北市環操證字第F2158-00號,,117/03/13
F08A8222,新北市,毅慶生技開發有限公司鶯歌廠,新北市鶯歌區二橋里中正三路一五六巷三三弄一五、一六號,M01,M01 - 其他食品製造程序,操作,新北市環操證字第F2168-00號,,117/04/30
F08A8391,新北市,德隆國際事業有限公司鶯歌廠,新北市鶯歌區永昌里建國路四○五巷一六號一、三、四樓,M01,M01 - 其他食品製造程序,操作,新北市環操證字第F2219-00號,,118/06/24
F08A8638,新北市,大磬企業股份有限公司,新北市鶯歌區鳳祥里鶯桃路六五八巷一六號(右棟),M01,M01 - 冷凍食品製造程序,操作,新北市環操證字第F2190-00號,,117/11/27
F08A9359,新北市,田原塑膠股份有限公司鶯歌廠,新北市鶯歌區永昌里鶯桃路六七巷一八號,M01,M01 - 凹版印刷作業程序,設置,新北市環設證字第F1305-00號,,117/10/22
F08A9399,新北市,元記實業營建剩餘土石方處理場,新北市鶯歌區東湖段四一二、四一三、四一九、四二○(部分)、四九○(部分)、四九一(部分)、四九二、四九三、四九四(部分)、四九五(部分)、四九六(部分)地號等一一筆土地,M01,M01 - 堆置場作業程序,操作,新北市環操證字第F2258-00號,,119/08/21
F08A9408,新北市,永順安實業股份有限公司三廠,新北市鶯歌區中湖里西湖街二七九巷二○號,M01,M01 - 陶瓷製品乾式成型製造程序,操作,新北市環操證字第F2224-00號,,118/11/07
F08A9676,新北市,元記實業股份有限公司,新北市鶯歌區中湖里中湖街二五八巷八號,M01,M01 - 衍生燃料製造程序,設置,新北市環設證字第F1328-00號,,118/06/20
F08A9874,新北市,百軒食品有限公司,新北市鶯歌區永吉里鶯桃路二一七號一樓,M01,M01 - 飼料製造程序,操作,新北市環操證字第F2244-00號,,119/03/13
F08B0205,新北市,鼎糧食品廠有限公司新北廠,新北市鶯歌區二甲里二甲路三○○號,M01,M01 - 其他食品製造程序,設置,新北市環設證字第F1367-00號,,119/05/05
F1600393,新北市,新新昶染整廠股份有限公司,新北市泰山區楓樹里信義街一一號,M01,M01 - 印染整理程序; M02 - 鍋爐蒸氣產生程序,操作,新北市環操證字第F0884-07號; 新北市環操證字第F0885-06號,,118/08/20
F1600464,新北市,臺灣三洋電機股份有限公司工廠,新北市泰山區貴和里貴鳳街三五號及新莊區中正路六一四巷二四號二樓,M06,M06 - 射出成型程序; M07 - 大型電器表面塗裝程序,操作,新北市環操證字第F0784-06號; 新北市環操證字第F1288-06號,,117/10/29
F1600491,新北市,南亞塑膠工業股份有限公司林口二廠,新北市泰山區大科里南林路一○二號【含南林路一○○號及八九、九一、九三號(之一至之四)及南泰路三號】,M02,M02 - 聚酯樹脂製造程序; M03 - 熱媒加熱程序; M10 - 塑膠膜袋製造程序; M91 - 鍋爐蒸氣產生程序,操作,新北市環操證字第F0224-20號; 新北市環操證字第F0225-16號; 新北市環操證字第F1674-13號; 新北市環操證字第F2080-03號,,119/03/07
F1601318,新北市,毅宜工業股份有限公司,新北市泰山區山腳里美寧街三七號,M01,M01 - 金屬電鍍處理程序; M02 - 金屬表面塗裝程序,操作,新北市環操證字第F0912-06號; 新北市環操證字第F1881-03號,,118/04/30
F1606662,新北市,南亞科技股份有限公司三廠,新北市泰山區大科里南林路九八號、九八之一號二樓、三樓、四樓、五樓、六樓、七樓、九八之一號二樓等及一一五號,M01,M01 - 積體電路製造程序; M02 - 積體電路製造程序,操作,新北市環操證字第F1712-07號; 新北市環操證字第F1976-03號,,119/08/29
F1607114,新北市,世享勝業有限公司,新北市泰山區黎明里泰林路三段三○一巷二一號,M01,M01 - 鍋爐蒸氣產生程序; M02 - 印染整理程序,操作,新北市環操證字第F1887-03號; 新北市環操證字第F1897-02號,,119/12/08
F16A0896,新北市,南亞塑膠工業股份有限公司林口一廠,新北市泰山區大科里南林路一二二號,M01,M01 - 押出成型程序,操作,新北市環操證字第F1951-03號,,115/08/13
F16A1359,新北市,保證責任新北市家禽運銷合作社附設屠宰場,新北市泰山區楓樹里中港南路一○三號,M01,M01 - 屠宰作業程序,操作,新北市環操證字第F1883-03號,,118/04/17
F16A1973,新北市,耘新紙品有限公司泰山廠,新北市泰山區貴和里明志路三段四三二巷三一號,M01,M01 - 平版印刷作業程序,操作,新北市環操證字第F1886-03號,,118/08/13
F16A6131,新北市,氣宇企業有限公司泰山廠,新北市泰山區黎明里黎明路四號(一樓、二樓)(泰山區自強段三建號),M01,M01 - 金屬噴磨（噴砂）處理程序,操作,新北市環操證字第F2262-00號,,119/09/10
F16A6240,新北市,妮紅咬花股份有限公司泰山廠,新北市泰山區壽山路一○二號,M01,M01 - 金屬噴磨（噴砂）處理程序,設置,新北市環設證字第F1363-00號,,119/04/07
F16A6280,新北市,尚俊塑膠有限公司,新北市泰山區黎明里泰山路一一七號,M01,M01 - 押出成型程序,設置,新北市環設證字第F1342-00號,,118/10/07
F0400399,新北市,正隆股份有限公司板橋廠,新北市中和區員富里員山路五八一巷一○號,M04,M04 - 鍋爐蒸氣產生程序; M05 - 有機溶劑作業程序,"操作, 設置",新北市環操證字第F1354-10號; 新北市環設證字第F1362-01號,,119/02/17
F0400933,新北市,科樂印刷事業股份有限公司,新北市中和區碧河里建一路九三巷四號,M01,M01 - 平版印刷作業程序,操作,新北市環操證字第F1082-06號,,115/06/02
F0401225,新北市,廣益印刷有限公司二廠,新北市中和區建和里板南路三三七號,M01,M01 - 平版印刷作業程序,操作,新北市環操證字第F1054-07號,,117/07/22
F0401332,新北市,桂冠實業股份有限公司中和二廠,新北市中和區中原里橋和路六○號,M01,M01 - 熱媒加熱程序; M03 - 其他食品製造程序,操作,新北市環操證字第F2029-04號; 新北市環操證字第F2128-00號,,118/04/17
F0401378,新北市,桂冠實業股份有限公司中和一廠,新北市中和區中山路二段三二九號,M03,M03 - 其他食品製造程序,操作,新北市環操證字第F2109-00號,,115/12/29
F0401565,新北市,台灣松下電器股份有限公司,新北市中和區員山里員山路五七九號,M06,M06 - 射出成型程序; M09 - 大型電器表面塗裝程序,操作,新北市環操證字第F0713-07號; 新北市環操證字第F1841-06號,,116/09/13
F0402875,新北市,臺灣泰陽電子股份有限公司中和廠,新北市中和區平河里中正路七七八、七七八之一、七八○、七八○之一、七八二、七八六、七八六之一、七八八、七八八之一號三樓,M01,M01 - 電容器製造程序,操作,新北市環操證字第F0617-05號,,119/01/05
F0403130,新北市,生宇企業股份有限公司一廠,新北市中和區平河里錦和路一二六號一、二樓,M01,M01 - 電容器製造程序,操作,新北市環操證字第F0975-06號,,117/10/10
F0418775,新北市,耀暘印刷股份有限公司,新北市中和區連城路一三四巷一七號,M01,M01 - 平版印刷作業程序,操作,新北市環操證字第F2018-02號,,117/12/02
F0419601,新北市,科億資訊科技有限公司,新北市中和區中原里立德街一二三號二樓,M01,M01 - 平版印刷作業程序,操作,新北市環操證字第F1909-03號,,118/09/03
F04A1474,新北市,富星彩色印刷設計股份有限公司中和廠,新北市中和區中原里立德街二六巷一八弄八號,M01,M01 - 平版印刷作業程序,操作,新北市環操證字第F2186-00號,,117/10/03
F04A3599,新北市,天凱彩色印刷有限公司,新北市中和區平河里中正路七五二號,M01,M01 - 平版印刷作業程序,操作,新北市環操證字第F2004-02號,,117/07/16
F04A7165,新北市,柏豐彩色印刷有限公司,新北市中和區中原里立德街一二三號一樓、一二五號一樓、一二七號一樓,M01,M01 - 平版印刷作業程序,操作,新北市環操證字第F2036-03號,,116/07/31
F04A7472,新北市,衛生福利部雙和醫院(委託臺北醫學大學興建經營),新北市中和區中正路二九一號醫療大樓地下二層至地上一二層、中和區圓通路三○一號A棟(五、一一、一二層)及B棟(五、六、一一、一七層),M01,M01 - 鍋爐蒸氣產生程序,操作,新北市環操證字第F1722-08號,,119/04/21
F04A8034,新北市,山水彩色印刷股份有限公司中和廠,新北市中和區碧河里連城路二二二巷一號一樓、二樓、三樓、四樓、五樓,M01,M01 - 平版印刷作業程序,操作,新北市環操證字第F1748-06號,,117/08/18
F04A8391,新北市,富綱實業股份有限公司中和廠,新北市中和區建八路一一九號(一、二樓),M01,M01 - 平版印刷作業程序,操作,新北市環操證字第F2009-01號,,117/10/03
F04A8480,新北市,白紗科技印刷股份有限公司中和廠,新北市中和區中原里中板路二五巷一八號,M01,M01 - 平版印刷作業程序,操作,新北市環操證字第F1755-05號,,116/08/15
F04A9022,新北市,恒通股份有限公司立言廠,新北市中和區中原里立言街三八號一至六樓,M01,M01 - 印刷電路板製造程序,操作,新北市環操證字第F1960-03號,,118/12/21
F04B1431,新北市,雙鍵化工股份有限公司,新北市中和區中原里中正路九五一、九五三、九五五、九五九、九六一號一七樓及九五三、九五五號一八樓,M01,M01 - 接著劑化學製造程序; M02 - 其他顏料製造程序,操作,新北市環操證字第F1979-02號; 新北市環操證字第F1980-03號,,116/07/18
F04C2040,新北市,范記天下素食有限公司,新北市中和區中原里立德街五二巷一七號,M01,M01 - 其他食品製造程序,操作,新北市環操證字第F2003-02號,,117/07/01
F04C2941,新北市,彩之坊科技股份有限公司,新北市中和區連和里中山路二段三二三號,M01,M01 - 平版印刷作業程序,操作,新北市環操證字第F2066-01號,,119/09/14
F04C3167,新北市,台灣德鉑股份有限公司橋和二廠,新北市中和區中原里橋和路一一二巷四、六號,M01,M01 - 網版印刷作業程序,操作,新北市環操證字第F2252-00號,,119/06/24
F04C4373,新北市,沛諾美學生技國際有限公司美妝廠,新北市中和區中原里立德街一六八、一七○號四樓,M01,M01 - 化粧品製造程序,操作,新北市環操證字第F2117-00號,,116/03/20
F04C4779,新北市,金全益金屬工廠有限公司中和廠,新北市中和區碧河里建六路六七巷三號一樓,M01,M01 - 其他基本金屬鑄造製造程序,操作,新北市環操證字第F2071-01號,,119/10/26
F04C7149,新北市,光寶科技股份有限公司中和二廠,新北市中和區碧河里建六路七七號、七七號二樓(二樓、四樓、五樓),M01,M01 - 其他電子零組件製造程序,操作,新北市環操證字第F2108-01號,,115/12/29
F04C7911,新北市,連霆營建剩餘土石方資源處理場,新北市中和區國道段三六三地號,M01,M01 - 堆置場作業程序,設置,新北市環設證字第F1322-00號,,118/04/02
F04C9719,新北市,珍品軒食品有限公司,新北市中和區中原里立德街一一二號地下一樓,M01,M01 - 其他食品製造程序,設置,新北市環設證字第F1304-00號,,117/10/10
F1500192,新北市,強升化學企業有限公司,新北市五股區興珍里四維路三○巷三六弄二號,M01,M01 - 接著劑化學製造程序,操作,新北市環操證字第F1098-08號,,119/10/18
F1500441,新北市,台灣中油股份有限公司煉製事業部桃園煉油廠五股儲運課,新北市五股區成泰路一段二三三號,M01,M01 - 鍋爐蒸氣產生程序; M02 - 揮發性有機液體儲槽作業程序,操作,新北市環操證字第F0609-14號; 新北市環操證字第F1661-13號,,119/09/14
F1500549,新北市,泰翔纖維染整股份有限公司,新北市五股區德泰里成泰路一段八巷一號,M01,M01 - 印染整理程序; M03 - 鍋爐蒸氣產生程序,操作,新北市環操證字第F1307-11號; 新北市環操證字第F1875-03號,,118/06/15
F1500601,新北市,福泉鋼業股份有限公司,新北市五股區成泰里成泰路三段二巷三號,M01,M01 - 其他金屬品處理加工程序,操作,新北市環操證字第F1607-04號,,115/10/16
F1500656,新北市,致和新興業股份有限公司,新北市五股區觀音里凌雲路三段二號,M01,M01 - 鍋爐蒸氣產生程序; M02 - 皮革製品製造程序,操作,新北市環操證字第F0628-08號; 新北市環操證字第F0629-05號,,115/08/15
F1500870,新北市,偉生實業股份有限公司,新北市五股區五股里工商路一八巷一二號,M01,M01 - 金屬電鍍處理程序,操作,新北市環操證字第F0636-07號,,117/10/02
F1501046,新北市,永灃工業股份有限公司,新北市五股區五福里成泰路二段一九七巷二三號(一樓)、二五號(一樓),M01,M01 - 金屬電鍍處理程序,操作,新北市環操證字第F0577-06號,,119/02/05
F1501948,新北市,永大美術印刷股份有限公司,新北市五股區興珍里五工五路二二號,M01,M01 - 平版印刷作業程序,操作,新北市環操證字第F1193-07號,,119/05/13
F1503004,新北市,來多利股份有限公司,新北市五股區興珍里五權三路五二號(一樓、二樓、夾層),M01,M01 - 鋅合金壓鑄件製造程序,設置,新北市環設證字第F1376-00號,,119/09/30
F1504314,新北市,富甲工業股份有限公司,新北市五股區興珍里五工路一○三號,M01,M01 - 鋅合金壓鑄件製造程序,操作,新北市環操證字第F2223-00號,,118/10/24
F1505384,新北市,北橋工業股份有限公司,新北市五股區興珍里五權三路一號,M01,M01 - 印染整理程序; M03 - 熱媒加熱程序,操作,新北市環操證字第F1746-06號; 新北市環操證字第F0602-08號,,119/11/21
F1507422,新北市,快信塑膠實業股份有限公司,新北市五股區興珍里五權五路三九號,M01,M01 - 塑膠膜袋製造程序,操作,新北市環操證字第F2048-01號,,119/03/28
F1507431,新北市,金鈿塑膠工業股份有限公司,新北市五股區興珍里五權五路一四號,M01,M01 - 凹版印刷作業程序; M02 - 押出成型程序,操作,新北市環操證字第F1561-04號; 新北市環操證字第F2218-00號,,118/05/14
F1507664,新北市,佳合醫材股份有限公司,新北市五股區興珍里五權七路六三號,M02,M02 - 印染整理程序,操作,新北市環操證字第F2082-01號,,120/03/08
F1507888,新北市,綺益彩印科技股份有限公司,新北市五股區興珍里五權八路二四號,M01,M01 - 平版印刷作業程序,操作,新北市環操證字第F1037-06號,,118/11/23
F1512174,新北市,統皓食品股份有限公司五股廠,新北市五股區五權路四九號三、四樓,M01,M01 - 其他食品製造程序,設置,新北市環設證字第F1352-00號,,118/11/07
F1512218,新北市,立順電鍍有限公司,新北市五股區五福里成泰路二段一九七巷四號,M01,M01 - 金屬電鍍處理程序,操作,新北市環操證字第F2237-00號,,119/01/14
F1512834,新北市,常盟企業股份有限公司,新北市五股區五權五路三四號,M01,M01 - 印染整理程序,操作,新北市環操證字第F1998-02號,,117/04/14
F1516074,新北市,品傑光電股份有限公司,新北市五股區成泰里成泰路三段二巷一號,M01,M01 - 金屬電鍍處理程序,操作,新北市環操證字第F2134-00號,,116/10/06
F1516118,新北市,得萬利科技股份有限公司,新北市五股區興珍里五工二路一○六巷三號,M01,M01 - 其他電子零組件製造程序,操作,新北市環操證字第F2094-00號,,115/08/08
F1516341,新北市,功得電子工業股份有限公司,新北市五股區興珍里五權五路二六號,M01,M01 - 其他被動電子元件製造程序,操作,新北市環操證字第F1929-02號,,115/01/20
F1516378,新北市,閎民科技股份有限公司,新北市五股區更寮里中興路二段二八號二樓,M01,M01 - 印刷電路板製造程序,操作,新北市環操證字第F1647-04號,,115/07/18
F1516734,新北市,富致科技股份有限公司總廠,新北市五股區興珍里五工五路六○號,M01,M01 - 其他被動電子元件製造程序,操作,新北市環操證字第F1999-01號,,117/05/09
F1516743,新北市,晶功印刷電路有限公司,新北市五股區成泰里成泰路三段一七之一號二樓,M01,M01 - 印刷電路板製造程序,操作,新北市環操證字第F1838-03號,,116/09/24
F15A0435,新北市,益亘股份有限公司五股廠,新北市五股區成泰里成泰路三段六號(一樓)及三樓(第四層),M01,M01 - 金屬電鍍處理程序,操作,新北市環操證字第F1798-04號,,117/06/03
F15A0821,新北市,金利橡膠股份有限公司五權廠,新北市五股區興珍里五權路六七號,M01,M01 - 其他橡膠製品製造程序,操作,新北市環操證字第F1811-03號,,115/12/30
F15A3429,新北市,新五營建剩餘土石方資源處理場,新北市五股區石土地公段石土地公小段五五之二、五五之三、一一四之一、一一四之二、一一六、一一七之一、一一七之三等七筆地號,M01,M01 - 堆置場作業程序,操作,新北市環操證字第F1957-08號,,116/04/12
F15A3736,新北市,隆羽實業股份有限公司,新北市五股區興珍里五權七路六○號(一、二樓),M01,M01 - 鋅合金壓鑄件製造程序,操作,新北市環操證字第F2215-00號,,118/04/30
F15A3895,新北市,宏遠國際餐飲股份有限公司五股二廠,新北市五股區興珍里五權路五四號,M01,M01 - 其他食品製造程序,設置,新北市環設證字第F1374-00號,,119/09/09
F15A4001,新北市,富致科技股份有限公司二廠,新北市五股區興珍里五工三路一一六巷七號一樓,M01,M01 - 其他被動電子元件製造程序,操作,新北市環操證字第F2002-01號,,117/06/25
F15A4893,新北市,頂記食品股份有限公司五股廠,新北市五股區興珍里五工路一四四號,M01,M01 - 其他食品製造程序,操作,新北市環操證字第F2103-01號,,115/11/22
F15A5059,新北市,味味美食有限公司,新北市五股區中興路一段九五巷四弄三、五號,M01,M01 - 其他食品製造程序,設置,新北市環設證字第F1364-00號,,119/04/22
F15A5495,新北市,兆利科技工業股份有限公司五權廠,新北市五股區興珍里五權七路五九號一樓,M01,M01 - 粉末冶金程序,操作,新北市環操證字第F1943-04號,,119/03/09
F15A5712,新北市,詠麗生化科技股份有限公司五股廠,新北市五股區五工六路一六號一樓,M01,M01 - 化粧品製造程序,操作,新北市環操證字第F2112-00號,,116/01/17
F15A5782,新北市,廣懿股份有限公司二廠,新北市五股區民義路二段四八巷二之一一號,M01,M01 - 凹版印刷作業程序,操作,新北市環操證字第F2007-03號,,117/10/02
F15A8538,新北市,鏵塑股份有限公司,新北市五股區民義里民義路一段二四○號一樓,M01,M01 - 押出成型程序,操作,新北市環操證字第F2096-00號,,115/08/26
F15A8904,新北市,鬍鬚張股份有限公司中央工廠,新北市五股區興珍里五工一路一一四號一、二、三、四、五樓,M01,M01 - 鍋爐蒸氣產生程序; M02 - 其他食品製造程序,操作,新北市環操證字第F2172-00號; 新北市環操證字第F2178-00號,,117/07/17
F15A9368,新北市,志遠食品廠,新北市五股區五權八路三九之一號,M01,M01 - 其他食品製造程序,操作,新北市環操證字第F2098-00號,,115/09/05
F15A9417,新北市,常豐食品有限公司,新北市五股區五股里成泰路二段一四七巷二七、二九、三一號,M01,M01 - 其他食品製造程序,操作,新北市環操證字第F2092-01號,,115/07/21
F15A9724,新北市,佳福實業有限公司,新北市五股區五股里成泰路二段一四七巷一六號二、三樓,M01,M01 - 塗料製造程序,操作,新北市環操證字第F2176-00號,,117/07/03
F15A9823,新北市,民利五金股份有限公司(五股廠),新北市五股區興珍里中興路一段一四○巷二○號,M01,M01 - 鋅合金壓鑄件製造程序,操作,新北市環操證字第F2136-00號,,116/10/24
F15B0353,新北市,俊曜工程有限公司,新北市五股區中興路三段四五巷五之八號,M01,M01 - 堆置場作業程序,操作,新北市環操證字第F2163-01號,,117/04/13
F15B0373,新北市,得裕精密壓鑄有限公司,新北市五股區五工路一三五號,M01,M01 - 非鐵金屬製品鑄造程序,操作,新北市環操證字第F2137-00號,,116/11/01
F15B0709,新北市,亮全企業社,新北市五股區六福里民義路一段二二○巷五號之三,M01,M01 - 鋅合金壓鑄件製造程序,操作,新北市環操證字第F2144-00號,,117/01/09
F15B0828,新北市,益晟企業有限公司,新北市五股區興珍里五權路二四號一樓,M01,M01 - 鋁鑄造製造程序,操作,新北市環操證字第F2152-00號,,117/02/20
F15B1301,新北市,富致科技股份有限公司,新北市五股區五工段七地號,M01,M01 - 其他被動電子元件製造程序,設置,新北市環設證字第F1373-00號,,119/08/21
F15B1599,新北市,精信精密工業股份有限公司,新北市五股區興珍里五權八路二二號,M01,M01 - 鋅合金壓鑄件製造程序,操作,新北市環操證字第F2210-00號,,118/03/07
F15B1638,新北市,鑫力馳工業有限公司,新北市五股區成泰里成泰路三段二四號,M01,M01 - 鋅合金壓鑄件製造程序,操作,新北市環操證字第F2229-00號,,118/12/08
F15B2408,新北市,嘉勝國際有限公司,新北市五股區成泰路一段九八巷三○之八號A棟,M01,M01 - 其他橡膠製品製造程序,操作,新北市環操證字第F2265-00號,,119/10/19
H4800051,桃園市,明泰磚廠股份有限公司,桃園市龜山區福源里湖山街一八○巷一六九號,M01,M01 - 磚瓦（紅磚）製品製造程序,操作及燃料,環空操證字第H5312-04號; 											(燃證字第H319-01號),,116/01/09
H4800140,桃園市,銓銘金屬工業股份有限公司龜山廠,桃園市龜山區山頂里山鶯路三五八號,M01,M01 - 灰鐵鑄造程序,操作,環空操證字第H6203-01號,,116/10/23
H4800168,桃園市,法務部矯正署臺北監獄,桃園市龜山區宏德新村二號,M01,M01 - 鍋爐蒸氣產生程序,操作,環空操證字第H6516-02號,,118/03/05
H4800364,桃園市,山福工業股份有限公司,桃園市龜山區山頂里龜山工業區興邦路三三號,M01,M01 - 鋁鑄造製造程序,操作,環空操證字第H7104-00號,,116/09/29
H4800444,桃園市,立昌窯業股份有限公司,桃園市龜山區龍壽里東萬壽路六七二號,M01,M01 - 磚瓦（紅磚）製品製造程序,操作及燃料,環空操證字第H3322-10號; 											(燃證字第H365-00號),,117/07/27
H4800453,桃園市,大勝磚廠股份有限公司龜山工廠,桃園市龜山區龍壽里東萬壽路六七二之一號,M01,M01 - 磚瓦（紅磚）製品製造程序; M03 - 堆置場作業程序,"操作及燃料, 操作",環空操證字第H3064-08號; 											(燃證字第H377-01號); 環空操證字第H4764-03號,,118/07/04
H4800613,桃園市,友偉工業股份有限公司,桃園市龜山區福源里湖山街一八○巷二九號,M01,M01 - 其他非金屬礦物製品製造程序,操作,環空操證字第H6176-02號,,116/12/12
H4800793,桃園市,慶義工業股份有限公司,桃園市龜山區兔坑里湖山街二一一巷八弄二號,M01,M01 - 灰鐵鑄造程序,操作,環空操證字第H4246-04號,,115/07/11
H4801352,桃園市,僑福印染股份有限公司,桃園市龜山區兔坑里海萍路一二號,M01,M01 - 印染整理程序,操作,環空操證字第H6236-02號,,117/01/18
H4801370,桃園市,儀億實業股份有限公司,桃園市龜山區福源里湖山街一八○巷一弄八之一號,M01,M01 - 印染整理程序; M02 - 鍋爐蒸氣產生程序,操作,環空操證字第H2277-06號; 環空操證字第H2278-08號,,117/04/03
H4801414,桃園市,臺灣菸酒股份有限公司桃園酒廠,桃園市龜山區樂善里文化一路五五號,M02,M02 - 醱酵／葡萄酒釀製程序,操作,環空操證字第H6369-05號,,117/08/30
H4801423,桃園市,南僑油脂事業股份有限公司桃園廠,桃園市龜山區山頂里興邦路三五號,M01,M01 - 鍋爐蒸氣產生程序; M02 - 植物油處理製造程序,操作,環空操證字第H6452-04號; 環空操證字第H1372-09號,,120/01/10
H4801432,桃園市,聯華食品工業股份有限公司桃園廠,桃園市龜山區大華里頂湖一街一八號,M01,M01 - 其他食品製造程序,操作,環空操證字第H1367-09號,,119/01/30
H4801469,桃園市,大興鍍金工業股份有限公司,桃園市龜山區大崗里頂湖二街六六巷二號,M01,M01 - 金屬電鍍處理程序,操作,環空操證字第H6333-03號,,117/07/09
H4801478,桃園市,南亞塑膠工業股份有限公司工三廠,桃園市龜山區樂善里文明路六號,M01,M01 - 鍋爐蒸氣產生程序; M03 - 引擎發電程序; M04 - 聚酯樹酯製造程序; M05 - 聚酯樹脂製造程序; M07 - 鍋爐蒸氣產生程序; M09 - 合成有機纖維化學製造程序; M12 - 熱媒加熱程序; M15 - 押出成型程序; M20 - 其他合成樹脂或塑膠製造程序; M22 - 其他合成樹脂或塑膠製造程序,操作,環空操證字第H2411-14號; 環空操證字第H2098-10號; 環空操證字第H6539-05號; 環空操證字第H2233-12號; 環空操證字第H2255-14號; 環空操證字第H6484-05號; 環空操證字第H4244-11號; 環空操證字第H4689-10號; 環空操證字第H3339-11號; 環空操證字第H5180-08號,,118/07/26
H4801709,桃園市,宏洲纖維工業股份有限公司桃園工廠,桃園市龜山區楓樹里宏洲街二九號,M01,M01 - 合成有機纖維化學製造程序; M02 - 熱媒加熱程序,操作,環空操證字第H1994-10號; 環空操證字第H1995-11號,,119/07/21
H4801852,桃園市,裕民化學股份有限公司,桃園市龜山區龍壽里萬壽路一段五三一巷四號,M01,M01 - 鍋爐蒸氣產生程序,操作,環空操證字第H1712-06號,,118/07/23
H4801905,桃園市,德寶家電股份有限公司,桃園市龜山區大華里二二鄰頂湖路二六號,M01,M01 - 射出成型程序; M02 - 鍋爐蒸氣產生程序,操作,環空操證字第H4115-06號; 環空操證字第H6877-00號,,115/10/27
H4801923,桃園市,亞東預拌混凝土股份有限公司林口廠,桃園市龜山區大華里頂湖路二八號,M01,M01 - 混凝土拌合程序,操作,環空操證字第H4535-12號,,116/10/09
H4802206,桃園市,中興電工機械股份有限公司林口廠,桃園市龜山區樂善里文德路二五號,M02,M02 - 金屬表面塗裝程序; M03 - 金屬噴磨（噴砂）處理程序,操作,環空操證字第H5134-05號; 環空操證字第H4075-05號,,117/12/13
H4802297,桃園市,寶燕彩藝股份有限公司,桃園市龜山區文化里頂湖一街五三號,M01,M01 - 鍋爐蒸氣產生程序; M02 - 塑膠押出或吹磨成型程序; M03 - 紙張表面塗裝程序,操作,環空操證字第H1239-07號; 環空操證字第H4474-05號; 環空操證字第H4785-06號,,119/02/16
H4802313,桃園市,森元洋線股份有限公司第二廠,桃園市龜山區嶺頂里振興路二五之二號,M01,M01 - 鍋爐蒸氣產生程序; M02 - 印染整理程序,操作,環空操證字第H6863-01號; 環空操證字第H4355-03號,,120/02/01
H4802359,桃園市,政鎰化學工廠有限公司,桃園市龜山區大坑里南上路五一五號,M01,M01 - 其他金屬或無機鹽製造程序,操作,環空操證字第H7452-00號,,119/03/23
H4802368,桃園市,迪愛禧佳龍油墨股份有限公司,桃園市龜山區大華里頂湖一街一二號,M01,M01 - 印刷油墨化學原料製造程序; M02 - 印刷油墨化學原料製造程序,操作,環空操證字第H2706-09號; 環空操證字第H2707-10號,,118/07/04
H4802519,桃園市,美達工業股份有限公司,桃園市龜山區山頂里興邦路三一號及三一之三號二樓,M01,M01 - 金屬表面清洗程序,操作,環空操證字第H7225-00號,,117/07/26
H4802528,桃園市,中央造幣廠,桃園市龜山區舊路里振興路五七七號,M02,M02 - 其他金屬熱處理程序; M03 - 金屬表面清洗程序,操作,環空操證字第H0762-13號; 環空操證字第H1706-10號,,118/07/18
H4802617,桃園市,利樂包裝股份有限公司林口廠,桃園市龜山區樂善里文明三街四號,M01,M01 - 平版印刷作業程序,操作,環空操證字第H2442-11號,,116/12/27
H4802626,桃園市,國產建材實業股份有限公司林口廠,桃園市龜山區樂善里文明路一七號,M01,M01 - 混凝土拌合程序,操作,環空操證字第H4371-14號,,118/09/01
H4802662,桃園市,新瑞倡企業股份有限公司桃園廠,桃園市龜山區舊路里東舊路街一○○號,M01,M01 - 印染整理程序; M04 - 鍋爐蒸氣產生程序,"操作, 操作及燃料",環空操證字第H1274-08號; 環空操證字第H7180-00號; 											(燃證字第H357-00號),,117/04/27
H4803285,桃園市,華城有限公司,桃園市龜山區福源里海萍路一六巷八之一號,M01,M01 - 印染整理程序,操作,環空操證字第H6686-02號,,119/03/19
H4803365,桃園市,科聚股份有限公司,桃園市龜山區南美里南上路二九○巷五、七號,M01,M01 - 印刷電路板製造程序,設置,環空設證字第H5504-00號,,119/04/24
H4803409,桃園市,日紅實業股份有限公司二廠,桃園市龜山區兔坑里茶專一街一二四號,M01,M01 - 印染整理程序,操作,環空操證字第H6254-03號,,117/02/22
H4803507,桃園市,台灣中油股份有限公司煉製事業部桃園煉油廠,桃園市龜山區南上里民生北路一段五○號,M01,M01 - 原油蒸餾程序; M02 - 原油蒸餾程序; M04 - 觸媒重組程序; M07 - 加氫脫硫處理程序; M09 - 加氫脫硫處理程序; M10 - 加氫脫硫處理程序; M11 - 加氫脫硫處理程序; M12 - 加氫脫硫處理程序; M13 - 硫磺回收處理程序; M14 - 硫磺回收處理程序,操作,環空操證字第H6668-05號; 環空操證字第H1954-19號; 環空操證字第H1956-18號; 環空操證字第H6501-07號; 環空操證字第H1961-16號; 環空操證字第H6465-04號; 環空操證字第H6536-03號; 環空操證字第H1964-16號; 環空操證字第H6550-04號; 環空操證字第H6488-05號,,119/09/08
H4803623,桃園市,印美油墨企業股份有限公司,桃園市龜山區兔坑里大同路九五一之三號,M01,M01 - 油墨製造程序,操作,環空操證字第H4087-05號,,115/03/17
H4803883,桃園市,新祺科技股份有限公司,桃園市龜山區南上里南上路二九○巷三三弄二號,M01,M01 - 印刷電路板製造程序,操作,環空操證字第H4268-07號,,118/11/10
H4803909,桃園市,正和鋼鐵股份有限公司,桃園市龜山區頂湖路四七號,M01,M01 - 金屬表面塗裝程序,操作,環空操證字第H6151-03號,,118/04/21
H4803954,桃園市,大湖實業股份有限公司桃園廠,桃園市龜山區兔坑里石雲路二三號,M01,M01 - 其他橡膠製品製造程序,操作,環空操證字第H3710-04號,,118/01/23
H4804031,桃園市,瑞人金屬企業有限公司,桃園市龜山區龍壽里龍校街一一九巷二六號,M01,M01 - 金屬表面清洗程序,操作,環空操證字第H6709-01號,,119/04/19
H4804264,桃園市,至宏實業有限公司,桃園市龜山區南上里民生北路一段四七五號,M01,M01 - 印刷電路板製造程序,操作,環空操證字第H7184-00號,,117/04/30
H4804273,桃園市,元慶工業股份有限公司,桃園市龜山區大坑里南上路四○○巷二六號,M01,M01 - 印染整理程序; M04 - 熱媒加熱程序,操作,環空操證字第H2272-05號; 環空操證字第H5167-03號,,115/10/06
H4804326,桃園市,力根實業股份有限公司,桃園市龜山區舊路里東舊路街一四二號,M01,M01 - 金屬噴磨（噴砂）處理程序,操作,環空操證字第H6427-01號,,117/12/06
H4804620,桃園市,頂立工業股份有限公司,桃園市龜山區兔坑里海萍路一六巷六號,M01,M01 - 鋁鑄造製造程序,操作,環空操證字第H7177-00號,,117/04/26
H4804684,桃園市,明通企業股份有限公司二廠,桃園市龜山區福源里湖山街二○八號、二一○號,M01,M01 - 金屬電鍍處理程序,操作,環空操證字第H4669-05號,,118/01/24
H4804871,桃園市,明欣壁紙股份有限公司,桃園市龜山區福源里湖山街一八○巷一弄五號,M01,M01 - 紙張表面塗裝程序,操作,環空操證字第H6744-01號,,119/06/18
H4804960,桃園市,太晟科技股份有限公司,桃園市龜山區南上里民生北路一段五二三號,M01,M01 - 印刷電路板製造程序,操作,環空操證字第H1834-06號,,119/05/15
H4805029,桃園市,良和工業股份有限公司,桃園市龜山區大坑里南上路五二○巷六弄二七號,M01,M01 - 印刷電路板製造程序,操作,環空操證字第H1811-05號,,119/02/27
H4805949,桃園市,立揚化工有限公司桃園廠,桃園市龜山區嶺頂里東萬壽路三一一巷一八號,M01,M01 - 印刷油墨化學原料製造程序,操作,環空操證字第H2049-07號,,117/09/11
H4805958,桃園市,新昌實業股份有限公司,桃園市龜山區楓樹里長壽路一○九號,M01,M01 - 油墨製造程序,操作,環空操證字第H4176-03號,,115/08/01
H4806213,桃園市,全得企業有限公司,桃園市龜山區南上里民生北路一段五一七號,M01,M01 - 印刷電路板製造程序,操作,環空操證字第H2143-08號,,118/04/27
H4806222,桃園市,欣興電子股份有限公司山鶯一廠,桃園市龜山區山頂里山鶯路一七七、一七九號,M01,M01 - 印刷電路板製造程序,操作,環空操證字第H3267-13號,,117/05/31
H4806348,桃園市,穩懋半導體股份有限公司華亞廠,桃園市龜山區文化里科技七路六九號,M01,M01 - 積體電路製造程序,操作,環空操證字第H2876-11號,,116/10/06
H4806464,桃園市,紘昇企業股份有限公司,桃園市龜山區南上里民生北路一段二巷一弄二號,M01,M01 - 印刷電路板製造程序,操作,環空操證字第H2395-06號,,118/02/06
H4806482,桃園市,幸亞電子工業股份有限公司林口廠,桃園市龜山區文化里頂湖一街四九號,M01,M01 - 電阻製造程序,操作,環空操證字第H6782-02號,,119/08/20
H4806526,桃園市,鈺德科技股份有限公司林口廠,桃園市龜山區文化里華亞二路二二二號,M01,M01 - 光碟片製造程序,操作,環空操證字第H7385-00號,,118/08/18
H4809607,桃園市,中環股份有限公司林口三廠,桃園市龜山區文化里華亞三路五○號、五○號四樓(四樓),M01,M01 - 光碟片製造程序,操作,環空操證字第H6631-03號,,115/07/22
H4809796,桃園市,明通企業股份有限公司一廠,桃園市龜山區福源里湖山街一九五號,M01,M01 - 金屬電鍍處理程序,操作,環空操證字第H3211-07號,,116/01/18
H4809894,桃園市,富晶通科技股份有限公司林口廠,桃園市龜山區文化里華亞三路五○號六樓之一,M01,M01 - 其他光電材料及元件製造程序,操作,環空操證字第H6324-01號,,117/07/04
H4809929,桃園市,名勝塑膠企業有限公司桃園廠,桃園市龜山區龍壽里東萬壽路六三一號,M01,M01 - 其他合成樹脂或塑膠製造程序,設置,環空設證字第H5541-00號,,119/12/25
H4810100,桃園市,隆衣股份有限公司,桃園市龜山區大華里頂湖七街六號,M02,M02 - 印染整理程序,操作,環空操證字第H7468-00號,,119/05/29
H4810360,桃園市,臺灣菸酒股份有限公司桃園印刷廠,桃園市龜山區樂善里一五鄰文明路二八號,M03,M03 - 平版印刷作業程序; M05 - 平版印刷作業程序,操作,環空操證字第H4160-10號; 環空操證字第H4945-11號,,117/05/10
H4810413,桃園市,立昌先進科技股份有限公司龜山廠,桃園市龜山區山頂里山鶯路三四○巷六號,M01,M01 - 電容器製造程序,操作,環空操證字第H6246-01號,,117/01/30
H4810673,桃園市,翔展企業股份有限公司,桃園市龜山區樂善里文明路六四之一號,M01,M01 - ＰＵ皮製造程序,操作,環空操證字第H5779-02號,,117/09/05
H4810799,桃園市,國光電力股份有限公司,桃園市龜山區南上里北油一區一一號,M01,M01 - 渦輪發電程序,操作,環空操證字第H3712-17號,,117/04/01
H4810851,桃園市,華亞汽電股份有限公司華亞汽電廠,桃園市龜山區文化里華亞一路九八號,M01,M01 - 鍋爐發電程序; M02 - 鍋爐汽電共生程序,操作及燃料,環空操證字第H3907-13號; 											(燃證字第H219-04號); 環空操證字第H3948-13號; 											(燃證字第H218-04號),,117/08/21
H4811134,桃園市,棉樹實業股份有限公司龜山廠,桃園市龜山區大坑里南上路四○七號,M01,M01 - 印染整理程序,操作,環空操證字第H5064-04號,,115/01/11
H4811170,桃園市,淞竹塑膠股份有限公司龜山廠,桃園市龜山區兔坑里茶專一街一一二巷一一號,M01,M01 - 押出成型程序,操作,環空操證字第H4152-04號,,115/05/21
H4811634,桃園市,正源博電子股份有限公司,桃園市龜山區南上里南上路二九○巷二一弄七號,M01,M01 - 印刷電路板製造程序,操作,環空操證字第H3742-04號,,116/05/10
H4811652,桃園市,冠暘企業有限公司,桃園市龜山區南上里民生北路一段二九二巷九弄二號、四號,M02,M02 - 印刷電路板製造程序,操作,環空操證字第H7275-00號,,117/11/26
H4811910,桃園市,臺灣水泥股份有限公司台北水泥製品廠龜山分廠,桃園市龜山區龍壽里東萬壽路六八八號,M01,M01 - 混凝土拌合程序,操作,環空操證字第H4617-09號,,116/09/05
H4812837,桃園市,日文科技股份有限公司,桃園市龜山區南上里民生北路一段三六二號(一、二樓)、三六四號(一、二樓),M01,M01 - 粉末冶金程序,操作,環空操證字第H7000-01號,,116/02/24
H4813692,桃園市,新松實業股份有限公司林口廠,桃園市龜山區頂湖十一街一二號,M01,M01 - 押出成型程序,操作,環空操證字第H4408-03號,,116/07/16
H4813718,桃園市,欣隆精密壓鑄股份有限公司,桃園市龜山區南上里民生北路一段二○六號一樓,M01,M01 - 鋁鑄造製造程序,操作,環空操證字第H7172-00號,,117/04/13
H4814233,桃園市,國統印鐵股份有限公司,桃園市龜山區龍壽里萬壽路一段五五一號,M01,M01 - 平版印刷作業程序,操作及燃料,環空操證字第H7095-00號; 											(環空燃證字第H348-00號),,116/09/15
H4814788,桃園市,聯合報股份有限公司林口印刷廠,桃園市龜山區公西里頂湖一街四五號,M01,M01 - 平版印刷作業程序,操作,環空操證字第H5535-02號,,118/04/16
H4814797,桃園市,香榮實業股份有限公司,桃園市龜山區山頂里山鶯路國光巷一號,M01,M01 - 印染整理程序; M05 - 熱媒加熱程序; M06 - 鍋爐蒸氣產生程序,"操作, 操作及燃料",環空操證字第H6544-03號; 環空操證字第H4509-06號; 環空操證字第H5061-06號; 											(H259-02),,119/12/22
H4882295,桃園市,邑昇實業股份有限公司,桃園市龜山區山頂里山鶯路中華巷二號,M01,M01 - 印刷電路板製造程序,操作,環空操證字第H6326-05號,,117/07/08
H4882553,桃園市,上展金屬工業股份有限公司桃園二廠,桃園市龜山區山頂里興邦路三七之一號,M01,M01 - 灰鐵鑄造程序,操作,環空操證字第H4935-04號,,119/07/15
H4885385,桃園市,宇泰塗料股份有限公司龜山廠,桃園市龜山區兔坑里大同路九四九巷一六號及一八號,M01,M01 - 塗料製造程序; M02 - 其他合成樹脂或塑膠製造程序,操作,環空操證字第H4625-05號; 環空操證字第H5089-02號,,115/05/19
H4885401,桃園市,台灣銘板股份有限公司林口廠,桃園市龜山區文化里華亞一路三六號,M01,M01 - 平版印刷作業程序,操作,環空操證字第H4590-07號,,116/05/30
H4885803,桃園市,大世紀塗料股份有限公司華亞廠,桃園市龜山區文化里華亞一路四○號、四○號二樓、四○號四樓,M01,M01 - 油漆化學製造程序,操作,環空操證字第H7111-00號,,116/10/27
H4886104,桃園市,唐得企業股份有限公司桃園廠,桃園市龜山區山頂里興邦路三一之二號,M01,M01 - 鋁鑄造製造程序,操作,環空操證字第H4510-03號,,117/01/17
H4886622,桃園市,伯慶股份有限公司,桃園市龜山區大坑里南上路三八六巷一三號一、二樓,M01,M01 - 化粧品製造程序,操作,環空操證字第H5440-02號,,117/08/19
H4886864,桃園市,良器有限公司,桃園市龜山區山頂里建國東路三二之一號一、二、三樓,M01,M01 - 射出成型程序,操作,環空操證字第H5183-05號,,115/11/18
H4886999,桃園市,穩懋半導體股份有限公司華亞二廠,桃園市龜山區文化里華亞二路三五八號與科技七路三五號及三五號二樓、三樓、四樓,M01,M01 - 積體電路製造程序,操作,環空操證字第H4443-06號,,115/10/28
H4887316,桃園市,台化地毯股份有限公司工三廠,桃園市龜山區樂善里文明路一五號,M01,M01 - 押出成型程序,操作,環空操證字第H6570-01號,,118/08/17
H4887558,桃園市,竣美科技有限公司,桃園市龜山區南美里南上路二九○巷四二弄一一號一樓,M01,M01 - 印刷電路板製造程序,操作,環空操證字第H7362-00號,,118/06/06
H4887610,桃園市,聲豐工業股份有限公司,桃園市龜山區茶專路三五、三七號,M02,M02 - 膠帶業製造,操作,環空操證字第H7386-00號,,118/08/19
H4887978,桃園市,欣興電子股份有限公司精密載板事業部三廠,桃園市龜山區山頂里山鶯路一七三之一、一七三之二、一七一之二、一七三之八號,M01,M01 - 印刷電路板製造程序; M02 - 印刷電路板製造程序; M03 - 熱媒加熱程序,操作,環空操證字第H4587-12號; 環空操證字第H5449-07號; 環空操證字第H6229-04號,,117/09/24
H4888153,桃園市,松珍生物科技股份有限公司華亞廠,桃園市龜山區文化里復興三路四五二號及四五二號三樓,M02,M02 - 冷凍食品製造程序,操作,環空操證字第H6085-01號,,116/02/23
H4888493,桃園市,友達光電股份有限公司桃園分公司華亞廠,桃園市龜山區文化里華亞二路一八九號,M01,M01 - 液晶顯示器製造程序; M03 - 熱媒加熱程序; M05 - 鍋爐蒸氣產生程序,操作,環空操證字第H2905-19號; 環空操證字第H7007-00號; 環空操證字第H4452-04號,,120/01/11
H4888582,桃園市,台灣美光晶圓科技股份有限公司二廠,桃園市龜山區文化里華亞五路二、六號,M01,M01 - 積體電路製造程序; M02 - 鍋爐蒸氣產生程序,操作,環空操證字第H4441-17號; 環空操證字第H7479-00號,,119/08/07
H4888902,桃園市,旭軟電子科技股份有限公司龜山廠,桃園市龜山區大坑里南上路五二二號,M01,M01 - 印刷電路板製造程序; M02 - 金屬電鍍處理程序,操作,環空操證字第H6825-04號; 環空操證字第H4640-05號,,119/11/02
H4888966,桃園市,東鏘工業股份有限公司龜山廠,桃園市龜山區大華里頂湖路六九號,M01,M01 - 膠帶業製造,操作,環空操證字第H4046-05號,,119/12/04
H4889310,桃園市,欣興電子股份有限公司精密載板事業部一廠,桃園市龜山區山頂里山鶯路一七五、一七五之一號,M01,M01 - 印刷電路板製造程序; M02 - 熱媒加熱程序; M03 - 鍋爐蒸氣產生程序,操作,環空操證字第H7064-02號; 環空操證字第H7063-01號; 環空操證字第H7198-01號,,117/05/22
H4889454,桃園市,台灣美光晶圓科技股份有限公司一廠,桃園市龜山區文化里復興三路六六七號、六六九號及科技八路五號,M01,M01 - 積體電路製造程序; M02 - 鍋爐蒸氣產生程序,操作,環空操證字第H4016-21號; 環空操證字第H7481-00號,,119/08/28
H4889712,桃園市,長庚醫療財團法人桃園長庚紀念醫院,桃園市龜山區舊路里頂湖路一二三、一二三之一號,M01,M01 - 鍋爐蒸氣產生程序,操作,環空操證字第H7411-00號,,118/10/20
H4889838,桃園市,閎洋科技股份有限公司,桃園市龜山區山頂里山鶯路一五六之一號,M01,M01 - 廢棄物化學處理程序,操作,環空操證字第H4652-07號,,116/10/07
H4889856,桃園市,晨光興業有限公司,桃園市龜山區山頂里山鶯路三二六、三二六之二號,M01,M01 - 印染整理程序; M03 - 鍋爐蒸氣產生程序; M04 - 鍋爐蒸氣產生程序,"操作, 操作及燃料",環空操證字第H3909-04號; 環空操證字第H7269-00號; 											(燃證字第H376-00號); 環空操證字第H7348-00號,,118/04/21
H4895112,桃園市,廣達電腦股份有限公司總廠,桃園市龜山區文化里文化二路一八八號一樓、二樓、三樓、四樓、五樓及地下層,M01,M01 - 有機溶劑作業程序,操作,環空操證字第H7030-00號,,116/04/27
H4895229,桃園市,中環股份有限公司林口二廠,桃園市龜山區文化里文化二路二一五號,M01,M01 - 光碟片製造程序,操作,環空操證字第H6451-04號,,118/01/10
H4895345,桃園市,明基材料股份有限公司桃園廠,桃園市龜山區山頂里建國東路二九號,M03,M03 - 鍋爐蒸氣產生程序; M04 - 其他光電材料及元件製造程序; M05 - 醫療器材及用品製造程序,操作,環空操證字第H3901-13號; 環空操證字第H7118-02號; 環空操證字第H6097-03號,,118/11/14
H48A0498,桃園市,磐采股份有限公司二廠,桃園市龜山區樂善里文明路七二之一號,M01,M01 - 印刷油墨化學原料製造程序,操作,環空操證字第H7410-00號,,118/10/20
H48A0656,桃園市,東庭橡膠股份有限公司龜山廠,桃園市龜山區兔坑里一五鄰茶專一街六六巷三號,M01,M01 - 其他橡膠製品製造程序,操作,環空操證字第H7280-00號,,117/12/14
H48A1090,桃園市,尚佳纖維股份有限公司,桃園市龜山區福源里一四鄰湖山街一八○巷一弄一○號,M01,M01 - 印染整理程序; M03 - 熱媒加熱程序; M04 - ＰＵ皮製造程序,操作,環空操證字第H6580-01號; 環空操證字第H6565-02號; 環空操證字第H6104-03號,,118/09/13
H48A1179,桃園市,高晉實業有限公司,桃園市龜山區嶺頂里茶專路一○號,M01,M01 - 塗料製造程序,操作,環空操證字第H5665-02號,,119/08/24
H48A1228,桃園市,華成橡膠工業有限公司,桃園市龜山區嶺頂里茶專路二之一號,M01,M01 - 其他橡膠製品製造程序,操作,環空操證字第H4766-03號,,118/08/24
H48A1397,桃園市,瑞怡造漆有限公司桃園廠,桃園市龜山區山頂里山鶯路一七一之一、一七一之五號,M01,M01 - 塗料製造程序,操作,環空操證字第H4952-04號,,119/12/17
H48A1812,桃園市,迎廣科技股份有限公司南上廠,桃園市龜山區南美里南上路三五○巷六九號,M01,M01 - 金屬表面塗裝程序,操作,環空操證字第H6924-00號,,115/06/04
H48A1951,桃園市,璦司柏電子股份有限公司,桃園市龜山區大坑里南上路五二六號,M01,M01 - 印刷電路板製造程序,操作,環空操證字第H4957-02號,,115/09/17
H48A2781,桃園市,唯誠工業有限公司,桃園市龜山區大華里頂湖路五之九號,M01,M01 - 灰鐵鑄造程序,操作,環空操證字第H5136-02號,,115/08/07
H48A3145,桃園市,第一化粧品廠股份有限公司桃園廠,桃園市龜山區文化里華亞一路三二號及三二號三樓,M01,M01 - 清潔劑(洗劑)製造程序,操作,環空操證字第H5048-04號,,120/01/23
H48A3878,桃園市,東金電機有限公司,桃園市龜山區福源里湖山街一八○巷七九號(一、三、四樓),M01,M01 - 金屬表面塗裝程序,操作,環空操證字第H7344-00號,,118/04/30
H48A3898,桃園市,彩德塑膠股份有限公司龜山廠,桃園市龜山區萬壽路一段五五一巷一四號,M01,M01 - 押出成型程序,操作,環空操證字第H5106-02號,,115/05/07
H48A4292,桃園市,政雄橡膠工業股份有限公司,桃園市龜山區文化里頂湖一街六七巷一一號,M01,M01 - 其他橡膠製品製造程序,操作,環空操證字第H6099-01號,,116/04/02
H48A4915,桃園市,摩太科技股份有限公司總廠,桃園市龜山區大坑里南上路四九三巷三號,M01,M01 - 印刷電路板製造程序,操作,環空操證字第H7374-00號,,118/07/14
H48A5072,桃園市,惠川企業有限公司龜山廠,桃園市龜山區大坑里南上路三五三號,M01,M01 - 押出成型程序,操作,環空操證字第H7092-00號,,116/09/14
H48A5260,桃園市,金冠全有限公司龜山廠,桃園市龜山區兔坑里大同路九五一之二號,M01,M01 - 押出成型程序,操作,環空操證字第H6371-02號,,117/09/09
H48A6426,桃園市,屹信科技有限公司,桃園市龜山區山頂里建國東路三四號四樓,M01,M01 - ＰＵ皮製造程序,操作,環空操證字第H5434-07號,,117/01/15
H48A7593,桃園市,元太科技工業股份有限公司林口廠,桃園市龜山區文化里華亞二路一九九號,M01,M01 - 染料製造程序,操作,環空操證字第H7243-00號,,117/10/01
H48A7682,桃園市,欣興電子股份有限公司精密載板事業部二廠,桃園市龜山區山頂里山鶯路一七三、一七三之九號,M01,M01 - 印刷電路板製造程序; M02 - 鍋爐蒸氣產生程序,操作,環空操證字第H6622-04號; 環空操證字第H5679-03號,,119/09/16
H48A7870,桃園市,白金科技股份有限公司,桃園市龜山區文化里科技二路三七號,M01,M01 - 其他光學儀器及設備製造程序,操作,環空操證字第H5537-03號,,118/10/03
H48A8957,桃園市,合利精密有限公司,桃園市龜山區南上里民生北路一段二五六巷六弄六號,M01,M01 - 印刷電路板製造程序,操作,環空操證字第H6771-03號,,119/08/02
H48A9004,桃園市,蓬銘企業有限公司龜山廠,桃園市龜山區大華里頂湖二街六五巷一五弄一一號一樓,M01,M01 - 鋁鑄造製造程序,操作,環空操證字第H7042-00號,,116/06/09
H48A9470,桃園市,欣興電子股份有限公司山鶯文華廠,桃園市龜山區山頂里山鶯路文華巷一號(一、二樓),M01,M01 - 印刷電路板製造程序,操作,環空操證字第H5681-06號,,115/06/29
H48A9688,桃園市,鑫光金屬工業股份有限公司桃園廠,桃園市龜山區兔坑里大同路八四一巷一號、七號,M01,M01 - 其他金屬熱處理程序; M02 - 金屬噴磨（噴砂）處理程序,操作,環空操證字第H5795-03號; 環空操證字第H6997-00號,,117/05/09
H48A9698,桃園市,祥元企業股份有限公司,桃園市龜山區福源里湖山街三○○號,M01,M01 - 塗料製造程序,操作,環空操證字第H5614-02號,,119/02/20
H48B0257,桃園市,國順預拌混凝土股份有限公司龍華廠,桃園市龜山區龍壽里龍校街三二巷四○號,M01,M01 - 混凝土拌合程序,操作,環空操證字第H5780-03號,,115/04/06
H48B0316,桃園市,台達電子工業股份有限公司桃園五廠,桃園市龜山區山頂里山鶯路二六八號,M01,M01 - 其他電池製造程序; M02 - 鍋爐蒸氣產生程序,操作,環空操證字第H5794-03號; 環空操證字第H5793-01號,,119/02/13
H48B0554,桃園市,穩懋半導體股份有限公司龜山廠,桃園市龜山區山頂里山鶯路二○○之五號、建國東路三八號,M01,M01 - 積體電路製造程序,操作,環空操證字第H6627-03號,,119/01/19
H48B1215,桃園市,六上實業股份有限公司龜山二廠,桃園市龜山區舊路里振興路三八三號,M01,M01 - ＰＵ皮製造程序,操作,環空操證字第H6750-02號,,119/07/01
H48B1998,桃園市,華強實業股份有限公司桃園廠,桃園市龜山區山頂里興邦路三五之一號,M01,M01 - 其他清潔用品製造程序,操作,環空操證字第H6140-03號,,116/06/19
H48B2451,桃園市,科范電子有限公司,桃園市龜山區嶺頂里茶專路一五號,M01,M01 - 印刷電路板製造程序,操作,環空操證字第H7349-00號,,118/04/21
H48B2570,桃園市,高等工業股份有限公司龜山廠,桃園市龜山區兔坑里茶專一街六○巷三二號,M01,M01 - 其他耐火材料製造程序,操作,環空操證字第H6250-01號,,117/02/07
H48B2976,桃園市,原色油墨有限公司,桃園市龜山區南上里民生北路一段四○之二號四樓之一,M01,M01 - 印刷油墨化學原料製造程序,操作,環空操證字第H6866-00號,,115/01/27
H48B3786,桃園市,力宇彩藝有限公司,桃園市龜山區新嶺里寶石街六○弄一二之一號三樓,M01,M01 - 塑膠品塗裝程序,操作,環空操證字第H7231-01號,,117/08/13
H48B3845,桃園市,瑞興工業股份有限公司二廠,桃園市龜山區大華里頂湖路五一號,M01,M01 - 押出成型程序,操作,環空操證字第H6234-01號,,117/01/11
H48B4120,桃園市,睿品工業有限公司,桃園市龜山區新路里自強南路七二二號(一樓),M01,M01 - 金屬電鍍處理程序,操作,環空操證字第H7480-00號,,119/09/11
H48B4497,桃園市,立昌先進科技股份有限公司龜山二廠,桃園市龜山區山頂里山鶯路三四○巷一號(一、二樓及夾層),M01,M01 - 電容器製造程序,操作,環空操證字第H6498-02號,,118/04/07
H48B6522,桃園市,欣興電子股份有限公司山鶯二廠,桃園市龜山區山頂里山鶯路一六九號、一六九之二號,M02,M02 - 印刷電路板製造程序,操作,環空操證字第H7117-02號,,116/11/06
H48B7956,桃園市,英屬開曼群島商宸大科技股份有限公司台灣分公司,桃園市龜山區文化里一九鄰華亞二路二二二號(一樓),M01,M01 - 鞋底製造程序,操作,環空操證字第H6853-02號,,119/12/25
H48B8697,桃園市,創唯達科技股份有限公司,桃園市龜山區樂善里文工一路三一八號三樓,M01,M01 - 金屬電著塗裝處理程序,操作,環空操證字第H7125-01號,,116/11/20
H48B9526,桃園市,鎰勝工業股份有限公司,桃園市龜山區大華里頂湖路五○號,M01,M01 - 其他電線及電纜（含光纖電纜）製造程序,操作,環空操證字第H6943-00號,,115/08/17
H48B9556,桃園市,米鑫有限公司,桃園市龜山區大華里頂湖路九之五號（二樓）,M01,M01 - 其他金屬表面處理程序,操作,環空操證字第H7091-01號,,116/09/11
H48B9784,桃園市,訊凱國際股份有限公司龜山廠,桃園市龜山區大崗里頂湖三街七號,M01,M01 - 金屬表面清洗程序,設置,環空設證字第H5296-00號,,116/07/19
H48C0412,桃園市,鼎富金屬有限公司,桃園市龜山區褔源里湖山街一八○巷一一○號,M01,M01 - 鋁二級冶煉程序,操作,環空操證字第H7426-00號,,118/11/15
H48C1757,桃園市,全信油漆有限公司,桃園市龜山區南上里民生北路一段二九二巷五號(一樓),M01,M01 - 油漆化學製造程序,操作,環空操證字第H7158-00號,,117/03/16
H48C3357,桃園市,鴻嘉彩藝印刷股份有限公司,桃園市龜山區兔坑里茶專路一四七號地下一樓、一四七號二樓、一四七之一號地下一樓、一四七之二號地下一樓,M01,M01 - 平版印刷作業程序,操作,環空操證字第H7454-00號,,119/05/01
H48C3911,桃園市,山虹科技有限公司忠義廠,桃園市龜山區忠義路二段三五八之六號,M01,M01 - 金屬電鍍處理程序,操作,環空操證字第H7369-00號,,118/06/30
H48C5363,桃園市,照敏企業股份有限公司龜山廠,桃園市龜山區南美街一○八號及一○八號二樓、三樓、四樓,M01,M01 - 印刷電路板製造程序,操作,環空操證字第H7474-00號,,119/07/31
H48C5452,桃園市,陞聚科技股份有限公司,桃園市龜山區大華里頂湖路九之三號(五樓),M01,M01 - 其他化學製品製造程序,操作,環空操證字第H7482-00號,,119/10/01
H48C5630,桃園市,一聯科技有限公司頂湖廠,桃園市龜山區大華里頂湖十一街八號,M01,M01 - 膠帶業製造,設置,環空設證字第H5484-00號,,119/01/21
H48C6034,桃園市,翔翊通運股份有限公司,桃園市龜山區龍壽段九○一地號,M01,M01 - 混凝土拌合程序,設置,環空設證字第H5464-00號,,118/09/26
H48C6193,桃園市,銳捷科技股份有限公司將軍廠,桃園市龜山區山鶯路一五六之三號二樓及三樓,M01,M01 - 印刷電路板製造程序,設置,環空設證字第H5487-00號,,119/02/16
H48C7686,桃園市,育隆造漆工業股份有限公司,桃園市龜山區南上里大坑路一段一八巷三號,M01,M01 - 油漆化學製造程序,設置,環空設證字第H5537-00號,,119/12/25